-- phpMyAdmin SQL Dump
-- version 5.2.1
-- https://www.phpmyadmin.net/
--
-- Máy chủ: localhost:3306
-- Thời gian đã tạo: Th10 30, 2025 lúc 01:37 AM
-- Phiên bản máy phục vụ: 8.0.30
-- Phiên bản PHP: 8.2.20

SET SQL_MODE = "NO_AUTO_VALUE_ON_ZERO";
START TRANSACTION;
SET time_zone = "+00:00";


/*!40101 SET @OLD_CHARACTER_SET_CLIENT=@@CHARACTER_SET_CLIENT */;
/*!40101 SET @OLD_CHARACTER_SET_RESULTS=@@CHARACTER_SET_RESULTS */;
/*!40101 SET @OLD_COLLATION_CONNECTION=@@COLLATION_CONNECTION */;
/*!40101 SET NAMES utf8mb4 */;

--
-- Cơ sở dữ liệu: `cinema_booking`
--

-- --------------------------------------------------------

--
-- Cấu trúc bảng cho bảng `cache`
--

CREATE TABLE `cache` (
  `key` varchar(255) CHARACTER SET utf8mb4 COLLATE utf8mb4_0900_ai_ci NOT NULL,
  `value` mediumtext CHARACTER SET utf8mb4 COLLATE utf8mb4_0900_ai_ci NOT NULL,
  `expiration` int NOT NULL
) ENGINE=InnoDB DEFAULT CHARSET=utf8mb4 COLLATE=utf8mb4_0900_ai_ci;

-- --------------------------------------------------------

--
-- Cấu trúc bảng cho bảng `cache_locks`
--

CREATE TABLE `cache_locks` (
  `key` varchar(255) CHARACTER SET utf8mb4 COLLATE utf8mb4_0900_ai_ci NOT NULL,
  `owner` varchar(255) CHARACTER SET utf8mb4 COLLATE utf8mb4_0900_ai_ci NOT NULL,
  `expiration` int NOT NULL
) ENGINE=InnoDB DEFAULT CHARSET=utf8mb4 COLLATE=utf8mb4_0900_ai_ci;

-- --------------------------------------------------------

--
-- Cấu trúc bảng cho bảng `chi_tiet_combo_mon`
--

CREATE TABLE `chi_tiet_combo_mon` (
  `id` int NOT NULL,
  `id_combo` int NOT NULL,
  `id_mon_an` int NOT NULL,
  `so_luong` int NOT NULL DEFAULT '1',
  `kich_co` varchar(50) DEFAULT NULL COMMENT 'Lớn, Nhỏ, 32oz, VIP...'
) ENGINE=InnoDB DEFAULT CHARSET=utf8mb4 COLLATE=utf8mb4_0900_ai_ci;

--
-- Đang đổ dữ liệu cho bảng `chi_tiet_combo_mon`
--

INSERT INTO `chi_tiet_combo_mon` (`id`, `id_combo`, `id_mon_an`, `so_luong`, `kich_co`) VALUES
(1, 1, 1, 1, 'Lớn'),
(2, 1, 2, 2, '32oz'),
(3, 1, 3, 1, 'Vừa');

-- --------------------------------------------------------

--
-- Cấu trúc bảng cho bảng `chi_tiet_dat_ve`
--

CREATE TABLE `chi_tiet_dat_ve` (
  `id` int NOT NULL,
  `id_dat_ve` int DEFAULT NULL,
  `id_ghe` int DEFAULT NULL,
  `gia` decimal(10,2) DEFAULT NULL,
  `gia_ve` decimal(10,2) DEFAULT NULL
) ENGINE=InnoDB DEFAULT CHARSET=utf8mb4 COLLATE=utf8mb4_0900_ai_ci;

--
-- Đang đổ dữ liệu cho bảng `chi_tiet_dat_ve`
--

INSERT INTO `chi_tiet_dat_ve` (`id`, `id_dat_ve`, `id_ghe`, `gia`, `gia_ve`) VALUES
(15, 2, 606, 100000.00, NULL),
(16, 2, 607, 100000.00, NULL);

-- --------------------------------------------------------

--
-- Cấu trúc bảng cho bảng `chi_tiet_dat_ve_combo`
--

CREATE TABLE `chi_tiet_dat_ve_combo` (
  `id` int NOT NULL,
  `id_dat_ve` int DEFAULT NULL,
  `id_combo` int DEFAULT NULL,
  `so_luong` int DEFAULT NULL,
  `gia_ap_dung` decimal(10,2) NOT NULL
) ENGINE=InnoDB DEFAULT CHARSET=utf8mb4 COLLATE=utf8mb4_0900_ai_ci;

-- --------------------------------------------------------

--
-- Cấu trúc bảng cho bảng `combo`
--

CREATE TABLE `combo` (
  `id` int NOT NULL,
  `ten` varchar(100) DEFAULT NULL,
  `mo_ta` text,
  `gia` decimal(10,2) DEFAULT NULL,
  `gia_goc` decimal(10,2) DEFAULT NULL,
  `anh` varchar(500) DEFAULT NULL,
  `combo_noi_bat` tinyint(1) DEFAULT '0',
  `so_luong_toi_da` int DEFAULT NULL,
  `yeu_cau_it_nhat_ve` int DEFAULT NULL,
  `ngay_bat_dau` datetime DEFAULT NULL,
  `ngay_ket_thuc` datetime DEFAULT NULL,
  `created_at` datetime DEFAULT CURRENT_TIMESTAMP,
  `updated_at` datetime DEFAULT CURRENT_TIMESTAMP ON UPDATE CURRENT_TIMESTAMP,
  `created_by` int DEFAULT NULL,
  `updated_by` int DEFAULT NULL,
  `trang_thai` tinyint(1) DEFAULT '1'
) ENGINE=InnoDB DEFAULT CHARSET=utf8mb4 COLLATE=utf8mb4_0900_ai_ci;

--
-- Đang đổ dữ liệu cho bảng `combo`
--

INSERT INTO `combo` (`id`, `ten`, `mo_ta`, `gia`, `gia_goc`, `anh`, `combo_noi_bat`, `so_luong_toi_da`, `yeu_cau_it_nhat_ve`, `ngay_bat_dau`, `ngay_ket_thuc`, `created_at`, `updated_at`, `created_by`, `updated_by`, `trang_thai`) VALUES
(1, 'Combo Cặp Đôi', '1 Bắp lớn + 2 Nước + 1 Snack', 199000.00, 250000.00, '/images/combo-couple.jpg', 1, 3, 2, '2025-10-01 00:00:00', '2025-12-31 23:59:59', '2025-10-30 08:37:01', '2025-10-30 08:37:01', 1, NULL, 1);

-- --------------------------------------------------------

--
-- Cấu trúc bảng cho bảng `dat_ve`
--

CREATE TABLE `dat_ve` (
  `id` int NOT NULL,
  `id_nguoi_dung` int DEFAULT NULL,
  `id_suat_chieu` int DEFAULT NULL,
  `id_khuyen_mai` int DEFAULT NULL,
  `trang_thai` tinyint(1) DEFAULT '0',
  `created_at` timestamp NULL DEFAULT CURRENT_TIMESTAMP
) ENGINE=InnoDB DEFAULT CHARSET=utf8mb4 COLLATE=utf8mb4_0900_ai_ci;

--
-- Đang đổ dữ liệu cho bảng `dat_ve`
--

INSERT INTO `dat_ve` (`id`, `id_nguoi_dung`, `id_suat_chieu`, `id_khuyen_mai`, `trang_thai`, `created_at`) VALUES
(1, 1, 1, NULL, 1, '2025-10-30 00:45:10'),
(2, 2, 1, NULL, 0, '2025-10-30 00:45:10');

-- --------------------------------------------------------

--
-- Cấu trúc bảng cho bảng `diem_thanh_vien`
--

CREATE TABLE `diem_thanh_vien` (
  `id` int NOT NULL,
  `id_nguoi_dung` int DEFAULT NULL,
  `tong_diem` int DEFAULT '0',
  `ngay_het_han` date DEFAULT NULL
) ENGINE=InnoDB DEFAULT CHARSET=utf8mb4 COLLATE=utf8mb4_0900_ai_ci;

-- --------------------------------------------------------

--
-- Cấu trúc bảng cho bảng `failed_jobs`
--

CREATE TABLE `failed_jobs` (
  `id` bigint UNSIGNED NOT NULL,
  `uuid` varchar(255) CHARACTER SET utf8mb4 COLLATE utf8mb4_0900_ai_ci NOT NULL,
  `connection` text CHARACTER SET utf8mb4 COLLATE utf8mb4_0900_ai_ci NOT NULL,
  `queue` text CHARACTER SET utf8mb4 COLLATE utf8mb4_0900_ai_ci NOT NULL,
  `payload` longtext CHARACTER SET utf8mb4 COLLATE utf8mb4_0900_ai_ci NOT NULL,
  `exception` longtext CHARACTER SET utf8mb4 COLLATE utf8mb4_0900_ai_ci NOT NULL,
  `failed_at` timestamp NOT NULL DEFAULT CURRENT_TIMESTAMP
) ENGINE=InnoDB DEFAULT CHARSET=utf8mb4 COLLATE=utf8mb4_0900_ai_ci;

-- --------------------------------------------------------

--
-- Cấu trúc bảng cho bảng `ghe`
--

CREATE TABLE `ghe` (
  `id` int NOT NULL,
  `id_phong` int DEFAULT NULL,
  `so_ghe` varchar(10) DEFAULT NULL,
  `so_hang` int DEFAULT NULL,
  `id_loai` int DEFAULT NULL,
  `trang_thai` tinyint(1) DEFAULT '1'
) ENGINE=InnoDB DEFAULT CHARSET=utf8mb4 COLLATE=utf8mb4_0900_ai_ci;

--
-- Đang đổ dữ liệu cho bảng `ghe`
--

INSERT INTO `ghe` (`id`, `id_phong`, `so_ghe`, `so_hang`, `id_loai`, `trang_thai`) VALUES
(1, 1, 'A1', 1, 1, 0),
(2, 1, 'A2', 1, 1, 1),
(3, 1, 'A3', 1, 1, 0),
(4, 1, 'A4', 1, 1, 0),
(5, 1, 'B1', 2, 2, 1),
(6, 1, 'B2', 2, 2, 1),
(7, 1, 'B3', 2, 2, 1),
(8, 1, 'B4', 2, 2, 1),
(181, 3, 'A1', 1, NULL, 1),
(182, 3, 'A2', 1, NULL, 1),
(183, 3, 'A3', 1, NULL, 1),
(184, 3, 'A4', 1, NULL, 1),
(185, 3, 'A5', 1, NULL, 1),
(186, 3, 'A6', 1, NULL, 1),
(187, 3, 'A7', 1, NULL, 1),
(188, 3, 'A8', 1, NULL, 1),
(189, 3, 'A9', 1, NULL, 1),
(190, 3, 'A10', 1, NULL, 1),
(191, 3, 'A11', 1, NULL, 1),
(192, 3, 'A12', 1, NULL, 1),
(193, 3, 'A13', 1, NULL, 1),
(194, 3, 'A14', 1, NULL, 1),
(195, 3, 'A15', 1, NULL, 1),
(196, 3, 'A16', 1, NULL, 1),
(197, 3, 'A17', 1, NULL, 1),
(198, 3, 'A18', 1, NULL, 1),
(199, 3, 'B1', 2, NULL, 1),
(200, 3, 'B2', 2, NULL, 1),
(201, 3, 'B3', 2, NULL, 1),
(202, 3, 'B4', 2, NULL, 1),
(203, 3, 'B5', 2, NULL, 1),
(204, 3, 'B6', 2, NULL, 1),
(205, 3, 'B7', 2, NULL, 1),
(206, 3, 'B8', 2, NULL, 1),
(207, 3, 'B9', 2, NULL, 1),
(208, 3, 'B10', 2, NULL, 1),
(209, 3, 'B11', 2, NULL, 1),
(210, 3, 'B12', 2, NULL, 1),
(211, 3, 'B13', 2, NULL, 1),
(212, 3, 'B14', 2, NULL, 1),
(213, 3, 'B15', 2, NULL, 1),
(214, 3, 'B16', 2, NULL, 1),
(215, 3, 'B17', 2, NULL, 1),
(216, 3, 'B18', 2, NULL, 1),
(217, 3, 'C1', 3, NULL, 1),
(218, 3, 'C2', 3, NULL, 1),
(219, 3, 'C3', 3, NULL, 1),
(220, 3, 'C4', 3, NULL, 1),
(221, 3, 'C5', 3, NULL, 1),
(222, 3, 'C6', 3, NULL, 1),
(223, 3, 'C7', 3, NULL, 1),
(224, 3, 'C8', 3, NULL, 1),
(225, 3, 'C9', 3, NULL, 1),
(226, 3, 'C10', 3, NULL, 1),
(227, 3, 'C11', 3, NULL, 1),
(228, 3, 'C12', 3, NULL, 1),
(229, 3, 'C13', 3, NULL, 1),
(230, 3, 'C14', 3, NULL, 1),
(231, 3, 'C15', 3, NULL, 1),
(232, 3, 'C16', 3, NULL, 1),
(233, 3, 'C17', 3, NULL, 1),
(234, 3, 'C18', 3, NULL, 1),
(235, 3, 'D1', 4, NULL, 1),
(236, 3, 'D2', 4, NULL, 1),
(237, 3, 'D3', 4, NULL, 1),
(238, 3, 'D4', 4, NULL, 1),
(239, 3, 'D5', 4, NULL, 1),
(240, 3, 'D6', 4, NULL, 1),
(241, 3, 'D7', 4, NULL, 1),
(242, 3, 'D8', 4, NULL, 1),
(243, 3, 'D9', 4, NULL, 1),
(244, 3, 'D10', 4, NULL, 1),
(245, 3, 'D11', 4, NULL, 1),
(246, 3, 'D12', 4, NULL, 1),
(247, 3, 'D13', 4, NULL, 1),
(248, 3, 'D14', 4, NULL, 1),
(249, 3, 'D15', 4, NULL, 1),
(250, 3, 'D16', 4, NULL, 1),
(251, 3, 'D17', 4, NULL, 1),
(252, 3, 'D18', 4, NULL, 1),
(253, 3, 'E1', 5, NULL, 1),
(254, 3, 'E2', 5, NULL, 1),
(255, 3, 'E3', 5, NULL, 1),
(256, 3, 'E4', 5, NULL, 1),
(257, 3, 'E5', 5, NULL, 1),
(258, 3, 'E6', 5, NULL, 1),
(259, 3, 'E7', 5, NULL, 1),
(260, 3, 'E8', 5, NULL, 1),
(261, 3, 'E9', 5, NULL, 1),
(262, 3, 'E10', 5, NULL, 1),
(263, 3, 'E11', 5, NULL, 1),
(264, 3, 'E12', 5, NULL, 1),
(265, 3, 'E13', 5, NULL, 1),
(266, 3, 'E14', 5, NULL, 1),
(267, 3, 'E15', 5, NULL, 1),
(268, 3, 'E16', 5, NULL, 1),
(269, 3, 'E17', 5, NULL, 1),
(270, 3, 'E18', 5, NULL, 1),
(271, 3, 'F1', 6, NULL, 1),
(272, 3, 'F2', 6, NULL, 1),
(273, 3, 'F3', 6, NULL, 1),
(274, 3, 'F4', 6, NULL, 1),
(275, 3, 'F5', 6, NULL, 1),
(276, 3, 'F6', 6, NULL, 1),
(277, 3, 'F7', 6, NULL, 1),
(278, 3, 'F8', 6, NULL, 1),
(279, 3, 'F9', 6, NULL, 1),
(280, 3, 'F10', 6, NULL, 1),
(281, 3, 'F11', 6, NULL, 1),
(282, 3, 'F12', 6, NULL, 1),
(283, 3, 'F13', 6, NULL, 1),
(284, 3, 'F14', 6, NULL, 1),
(285, 3, 'F15', 6, NULL, 1),
(286, 3, 'F16', 6, NULL, 1),
(287, 3, 'F17', 6, NULL, 1),
(288, 3, 'F18', 6, NULL, 1),
(289, 3, 'G1', 7, NULL, 1),
(290, 3, 'G2', 7, NULL, 1),
(291, 3, 'G3', 7, NULL, 1),
(292, 3, 'G4', 7, NULL, 1),
(293, 3, 'G5', 7, NULL, 1),
(294, 3, 'G6', 7, NULL, 1),
(295, 3, 'G7', 7, NULL, 1),
(296, 3, 'G8', 7, NULL, 1),
(297, 3, 'G9', 7, NULL, 1),
(298, 3, 'G10', 7, NULL, 1),
(299, 3, 'G11', 7, NULL, 1),
(300, 3, 'G12', 7, NULL, 1),
(301, 3, 'G13', 7, NULL, 1),
(302, 3, 'G14', 7, NULL, 1),
(303, 3, 'G15', 7, NULL, 1),
(304, 3, 'G16', 7, NULL, 1),
(305, 3, 'G17', 7, NULL, 1),
(306, 3, 'G18', 7, NULL, 1),
(307, 3, 'H1', 8, NULL, 1),
(308, 3, 'H2', 8, NULL, 1),
(309, 3, 'H3', 8, NULL, 1),
(310, 3, 'H4', 8, NULL, 1),
(311, 3, 'H5', 8, NULL, 1),
(312, 3, 'H6', 8, NULL, 1),
(313, 3, 'H7', 8, NULL, 1),
(314, 3, 'H8', 8, NULL, 1),
(315, 3, 'H9', 8, NULL, 1),
(316, 3, 'H10', 8, NULL, 1),
(317, 3, 'H11', 8, NULL, 1),
(318, 3, 'H12', 8, NULL, 1),
(319, 3, 'H13', 8, NULL, 1),
(320, 3, 'H14', 8, NULL, 1),
(321, 3, 'H15', 8, NULL, 1),
(322, 3, 'H16', 8, NULL, 1),
(323, 3, 'H17', 8, NULL, 1),
(324, 3, 'H18', 8, NULL, 1),
(325, 3, 'I1', 9, NULL, 1),
(326, 3, 'I2', 9, NULL, 1),
(327, 3, 'I3', 9, NULL, 1),
(328, 3, 'I4', 9, NULL, 1),
(329, 3, 'I5', 9, NULL, 1),
(330, 3, 'I6', 9, NULL, 1),
(331, 3, 'I7', 9, NULL, 1),
(332, 3, 'I8', 9, NULL, 1),
(333, 3, 'I9', 9, NULL, 1),
(334, 3, 'I10', 9, NULL, 1),
(335, 3, 'I11', 9, NULL, 1),
(336, 3, 'I12', 9, NULL, 1),
(337, 3, 'I13', 9, NULL, 1),
(338, 3, 'I14', 9, NULL, 1),
(339, 3, 'I15', 9, NULL, 1),
(340, 3, 'I16', 9, NULL, 1),
(341, 3, 'I17', 9, NULL, 1),
(342, 3, 'I18', 9, NULL, 1),
(343, 3, 'J1', 10, NULL, 1),
(344, 3, 'J2', 10, NULL, 1),
(345, 3, 'J3', 10, NULL, 1),
(346, 3, 'J4', 10, NULL, 1),
(347, 3, 'J5', 10, NULL, 1),
(348, 3, 'J6', 10, NULL, 1),
(349, 3, 'J7', 10, NULL, 1),
(350, 3, 'J8', 10, NULL, 1),
(351, 3, 'J9', 10, NULL, 1),
(352, 3, 'J10', 10, NULL, 1),
(353, 3, 'J11', 10, NULL, 1),
(354, 3, 'J12', 10, NULL, 1),
(355, 3, 'J13', 10, NULL, 1),
(356, 3, 'J14', 10, NULL, 1),
(357, 3, 'J15', 10, NULL, 1),
(358, 3, 'J16', 10, NULL, 1),
(359, 3, 'J17', 10, NULL, 1),
(360, 3, 'J18', 10, NULL, 1),
(601, 1, 'A1', 1, 1, 1),
(602, 1, 'A2', 1, NULL, 1),
(603, 1, 'A3', 1, NULL, 1),
(604, 1, 'A4', 1, NULL, 1),
(605, 1, 'A5', 1, NULL, 1),
(606, 1, 'A6', 1, NULL, 0),
(607, 1, 'A7', 1, NULL, 0),
(608, 1, 'A8', 1, NULL, 1),
(609, 1, 'A9', 1, NULL, 1),
(611, 1, 'A11', 1, NULL, 1),
(612, 1, 'A12', 1, NULL, 1),
(613, 1, 'A13', 1, NULL, 1),
(614, 1, 'A14', 1, NULL, 1),
(615, 1, 'A15', 1, NULL, 1),
(616, 1, 'A16', 1, NULL, 1),
(617, 1, 'A17', 1, NULL, 1),
(618, 1, 'A18', 1, NULL, 1),
(619, 1, 'A19', 1, NULL, 1),
(620, 1, 'A20', 1, NULL, 1),
(621, 1, 'B1', 2, NULL, 1),
(622, 1, 'B2', 2, NULL, 1),
(623, 1, 'B3', 2, NULL, 1),
(624, 1, 'B4', 2, NULL, 1),
(625, 1, 'B5', 2, NULL, 1),
(626, 1, 'B6', 2, NULL, 1),
(627, 1, 'B7', 2, NULL, 1),
(628, 1, 'B8', 2, NULL, 1),
(629, 1, 'B9', 2, NULL, 1),
(630, 1, 'B10', 2, NULL, 1),
(631, 1, 'B11', 2, NULL, 1),
(632, 1, 'B12', 2, NULL, 1),
(633, 1, 'B13', 2, NULL, 1),
(634, 1, 'B14', 2, NULL, 1),
(635, 1, 'B15', 2, NULL, 1),
(636, 1, 'B16', 2, NULL, 1),
(637, 1, 'B17', 2, NULL, 1),
(638, 1, 'B18', 2, NULL, 1),
(639, 1, 'B19', 2, NULL, 1),
(640, 1, 'B20', 2, NULL, 1),
(641, 1, 'C1', 3, NULL, 1),
(642, 1, 'C2', 3, NULL, 1),
(643, 1, 'C3', 3, NULL, 1),
(644, 1, 'C4', 3, NULL, 1),
(645, 1, 'C5', 3, NULL, 1),
(646, 1, 'C6', 3, NULL, 1),
(647, 1, 'C7', 3, NULL, 1),
(648, 1, 'C8', 3, NULL, 1),
(649, 1, 'C9', 3, NULL, 1),
(650, 1, 'C10', 3, NULL, 1),
(651, 1, 'C11', 3, NULL, 1),
(652, 1, 'C12', 3, NULL, 1),
(653, 1, 'C13', 3, NULL, 1),
(654, 1, 'C14', 3, NULL, 1),
(655, 1, 'C15', 3, NULL, 1),
(656, 1, 'C16', 3, NULL, 1),
(657, 1, 'C17', 3, NULL, 1),
(658, 1, 'C18', 3, NULL, 1),
(659, 1, 'C19', 3, NULL, 1),
(660, 1, 'C20', 3, NULL, 1),
(661, 1, 'D1', 4, NULL, 1),
(662, 1, 'D2', 4, NULL, 1),
(663, 1, 'D3', 4, NULL, 1),
(664, 1, 'D4', 4, NULL, 1),
(665, 1, 'D5', 4, NULL, 1),
(666, 1, 'D6', 4, NULL, 1),
(667, 1, 'D7', 4, NULL, 1),
(668, 1, 'D8', 4, NULL, 1),
(669, 1, 'D9', 4, NULL, 1),
(670, 1, 'D10', 4, NULL, 1),
(671, 1, 'D11', 4, NULL, 1),
(672, 1, 'D12', 4, NULL, 1),
(673, 1, 'D13', 4, NULL, 1),
(674, 1, 'D14', 4, NULL, 1),
(675, 1, 'D15', 4, NULL, 1),
(676, 1, 'D16', 4, NULL, 1),
(677, 1, 'D17', 4, NULL, 1),
(678, 1, 'D18', 4, NULL, 1),
(679, 1, 'D19', 4, NULL, 1),
(680, 1, 'D20', 4, NULL, 1),
(681, 1, 'E1', 5, NULL, 1),
(682, 1, 'E2', 5, NULL, 1),
(683, 1, 'E3', 5, NULL, 1),
(684, 1, 'E4', 5, NULL, 1),
(685, 1, 'E5', 5, NULL, 1),
(686, 1, 'E6', 5, NULL, 1),
(687, 1, 'E7', 5, NULL, 1),
(688, 1, 'E8', 5, NULL, 1),
(689, 1, 'E9', 5, NULL, 1),
(690, 1, 'E10', 5, NULL, 1),
(691, 1, 'E11', 5, NULL, 1),
(692, 1, 'E12', 5, NULL, 1),
(693, 1, 'E13', 5, NULL, 1),
(694, 1, 'E14', 5, NULL, 1),
(695, 1, 'E15', 5, NULL, 1),
(696, 1, 'E16', 5, NULL, 1),
(697, 1, 'E17', 5, NULL, 1),
(698, 1, 'E18', 5, NULL, 1),
(699, 1, 'E19', 5, NULL, 1),
(700, 1, 'E20', 5, NULL, 1),
(701, 1, 'F1', 6, NULL, 1),
(702, 1, 'F2', 6, NULL, 1),
(703, 1, 'F3', 6, NULL, 1),
(704, 1, 'F4', 6, NULL, 1),
(705, 1, 'F5', 6, NULL, 1),
(706, 1, 'F6', 6, NULL, 1),
(707, 1, 'F7', 6, NULL, 1),
(708, 1, 'F8', 6, NULL, 1),
(709, 1, 'F9', 6, NULL, 1),
(710, 1, 'F10', 6, NULL, 1),
(711, 1, 'F11', 6, NULL, 1),
(712, 1, 'F12', 6, NULL, 1),
(713, 1, 'F13', 6, NULL, 1),
(714, 1, 'F14', 6, NULL, 1),
(715, 1, 'F15', 6, NULL, 1),
(716, 1, 'F16', 6, NULL, 1),
(717, 1, 'F17', 6, NULL, 1),
(718, 1, 'F18', 6, NULL, 1),
(719, 1, 'F19', 6, NULL, 1),
(720, 1, 'F20', 6, NULL, 1),
(721, 1, 'G1', 7, NULL, 1),
(722, 1, 'G2', 7, NULL, 1),
(723, 1, 'G3', 7, NULL, 1),
(724, 1, 'G4', 7, NULL, 1),
(725, 1, 'G5', 7, NULL, 1),
(726, 1, 'G6', 7, NULL, 1),
(727, 1, 'G7', 7, NULL, 1),
(728, 1, 'G8', 7, NULL, 1),
(729, 1, 'G9', 7, NULL, 1),
(730, 1, 'G10', 7, NULL, 1),
(731, 1, 'G11', 7, NULL, 1),
(732, 1, 'G12', 7, NULL, 1),
(733, 1, 'G13', 7, NULL, 1),
(734, 1, 'G14', 7, NULL, 1),
(735, 1, 'G15', 7, NULL, 1),
(736, 1, 'G16', 7, NULL, 1),
(737, 1, 'G17', 7, NULL, 1),
(738, 1, 'G18', 7, NULL, 1),
(739, 1, 'G19', 7, NULL, 1),
(740, 1, 'G20', 7, NULL, 1),
(741, 1, 'H1', 8, NULL, 1),
(742, 1, 'H2', 8, NULL, 1),
(743, 1, 'H3', 8, NULL, 1),
(744, 1, 'H4', 8, NULL, 1),
(745, 1, 'H5', 8, NULL, 1),
(746, 1, 'H6', 8, NULL, 1),
(747, 1, 'H7', 8, NULL, 1),
(748, 1, 'H8', 8, NULL, 1),
(749, 1, 'H9', 8, NULL, 1),
(750, 1, 'H10', 8, NULL, 1),
(751, 1, 'H11', 8, NULL, 1),
(752, 1, 'H12', 8, NULL, 1),
(753, 1, 'H13', 8, NULL, 1),
(754, 1, 'H14', 8, NULL, 1),
(755, 1, 'H15', 8, NULL, 1),
(756, 1, 'H16', 8, NULL, 1),
(757, 1, 'H17', 8, NULL, 1),
(758, 1, 'H18', 8, NULL, 1),
(759, 1, 'H19', 8, NULL, 1),
(760, 1, 'H20', 8, NULL, 1),
(761, 1, 'I1', 9, NULL, 1),
(762, 1, 'I2', 9, NULL, 1),
(763, 1, 'I3', 9, NULL, 1),
(764, 1, 'I4', 9, NULL, 1),
(765, 1, 'I5', 9, NULL, 1),
(766, 1, 'I6', 9, NULL, 1),
(767, 1, 'I7', 9, NULL, 1),
(768, 1, 'I8', 9, NULL, 1),
(769, 1, 'I9', 9, NULL, 1),
(770, 1, 'I10', 9, NULL, 1),
(771, 1, 'I11', 9, NULL, 1),
(772, 1, 'I12', 9, NULL, 1),
(773, 1, 'I13', 9, NULL, 1),
(774, 1, 'I14', 9, NULL, 1),
(775, 1, 'I15', 9, NULL, 1),
(776, 1, 'I16', 9, NULL, 1),
(777, 1, 'I17', 9, NULL, 1),
(778, 1, 'I18', 9, NULL, 1),
(779, 1, 'I19', 9, NULL, 1),
(780, 1, 'I20', 9, NULL, 1),
(781, 1, 'J1', 10, NULL, 1),
(782, 1, 'J2', 10, NULL, 1),
(783, 1, 'J3', 10, NULL, 1),
(784, 1, 'J4', 10, NULL, 1),
(785, 1, 'J5', 10, NULL, 1),
(786, 1, 'J6', 10, NULL, 1),
(787, 1, 'J7', 10, NULL, 1),
(788, 1, 'J8', 10, NULL, 1),
(789, 1, 'J9', 10, NULL, 1),
(790, 1, 'J10', 10, NULL, 1),
(791, 1, 'J11', 10, NULL, 1),
(792, 1, 'J12', 10, NULL, 1),
(793, 1, 'J13', 10, NULL, 1),
(794, 1, 'J14', 10, NULL, 1),
(795, 1, 'J15', 10, NULL, 1),
(796, 1, 'J16', 10, NULL, 1),
(797, 1, 'J17', 10, NULL, 1),
(798, 1, 'J18', 10, NULL, 1),
(799, 1, 'J19', 10, NULL, 1),
(800, 1, 'J20', 10, NULL, 1),
(801, 1, 'K1', 11, NULL, 1),
(802, 1, 'K2', 11, NULL, 1),
(803, 1, 'K3', 11, NULL, 1),
(804, 1, 'K4', 11, NULL, 1),
(805, 1, 'K5', 11, NULL, 1),
(806, 1, 'K6', 11, NULL, 1),
(807, 1, 'K7', 11, NULL, 1),
(808, 1, 'K8', 11, NULL, 1),
(809, 1, 'K9', 11, NULL, 1),
(810, 1, 'K10', 11, NULL, 1),
(811, 1, 'K11', 11, NULL, 1),
(812, 1, 'K12', 11, NULL, 1),
(813, 1, 'K13', 11, NULL, 1),
(814, 1, 'K14', 11, NULL, 1),
(815, 1, 'K15', 11, NULL, 1),
(816, 1, 'K16', 11, NULL, 1),
(817, 1, 'K17', 11, NULL, 1),
(818, 1, 'K18', 11, NULL, 1),
(819, 1, 'K19', 11, NULL, 1),
(820, 1, 'K20', 11, NULL, 1),
(821, 1, 'L1', 12, NULL, 1),
(822, 1, 'L2', 12, NULL, 1),
(823, 1, 'L3', 12, NULL, 1),
(824, 1, 'L4', 12, NULL, 1),
(825, 1, 'L5', 12, NULL, 1),
(826, 1, 'L6', 12, NULL, 1),
(827, 1, 'L7', 12, NULL, 1),
(828, 1, 'L8', 12, NULL, 1),
(829, 1, 'L9', 12, NULL, 1),
(830, 1, 'L10', 12, NULL, 1),
(831, 1, 'L11', 12, NULL, 1),
(832, 1, 'L12', 12, NULL, 1),
(833, 1, 'L13', 12, NULL, 1),
(834, 1, 'L14', 12, NULL, 1),
(835, 1, 'L15', 12, NULL, 1),
(836, 1, 'L16', 12, NULL, 1),
(837, 1, 'L17', 12, NULL, 1),
(838, 1, 'L18', 12, NULL, 1),
(839, 1, 'L19', 12, NULL, 1),
(840, 1, 'L20', 12, NULL, 1),
(841, 6, 'A1', 1, 1, 1),
(842, 6, 'A2', 1, 1, 1),
(843, 6, 'A3', 1, 1, 1),
(844, 6, 'A4', 1, 1, 1),
(845, 6, 'A5', 1, 1, 1),
(846, 6, 'A6', 1, 1, 1),
(847, 6, 'A7', 1, 1, 1),
(848, 6, 'A8', 1, 1, 1),
(849, 6, 'A9', 1, 1, 1),
(850, 6, 'A10', 1, 1, 1),
(851, 6, 'A11', 1, 1, 1),
(852, 6, 'A12', 1, 1, 1),
(853, 6, 'B1', 2, 1, 1),
(854, 6, 'B2', 2, 1, 1),
(855, 6, 'B3', 2, 1, 1),
(856, 6, 'B4', 2, 1, 1),
(857, 6, 'B5', 2, 1, 1),
(858, 6, 'B6', 2, 1, 1),
(859, 6, 'B7', 2, 1, 1),
(860, 6, 'B8', 2, 1, 1),
(861, 6, 'B9', 2, 1, 1),
(862, 6, 'B10', 2, 1, 1),
(863, 6, 'B11', 2, 1, 1),
(864, 6, 'B12', 2, 1, 1),
(865, 6, 'C1', 3, 1, 1),
(866, 6, 'C2', 3, 1, 1),
(867, 6, 'C3', 3, 1, 1),
(868, 6, 'C4', 3, 1, 1),
(869, 6, 'C5', 3, 1, 1),
(870, 6, 'C6', 3, 1, 1),
(871, 6, 'C7', 3, 1, 1),
(872, 6, 'C8', 3, 1, 1),
(873, 6, 'C9', 3, 1, 1),
(874, 6, 'C10', 3, 1, 1),
(875, 6, 'C11', 3, 1, 1),
(876, 6, 'C12', 3, 1, 1),
(877, 6, 'D1', 4, 1, 1),
(878, 6, 'D2', 4, 1, 1),
(879, 6, 'D3', 4, 1, 1),
(880, 6, 'D4', 4, 1, 1),
(881, 6, 'D5', 4, 1, 1),
(882, 6, 'D6', 4, 1, 1),
(883, 6, 'D7', 4, 1, 1),
(884, 6, 'D8', 4, 1, 1),
(885, 6, 'D9', 4, 1, 1),
(886, 6, 'D10', 4, 1, 1),
(887, 6, 'D11', 4, 1, 1),
(888, 6, 'D12', 4, 1, 1),
(889, 6, 'E1', 5, 1, 1),
(890, 6, 'E2', 5, 1, 1),
(891, 6, 'E3', 5, 1, 1),
(892, 6, 'E4', 5, 1, 1),
(893, 6, 'E5', 5, 1, 1),
(894, 6, 'E6', 5, 1, 1),
(895, 6, 'E7', 5, 1, 1),
(896, 6, 'E8', 5, 1, 1),
(897, 6, 'E9', 5, 1, 1),
(898, 6, 'E10', 5, 1, 1),
(899, 6, 'E11', 5, 1, 1),
(900, 6, 'E12', 5, 1, 1),
(901, 6, 'F1', 6, 1, 1),
(902, 6, 'F2', 6, 1, 1),
(903, 6, 'F3', 6, 1, 1),
(904, 6, 'F4', 6, 1, 1),
(905, 6, 'F5', 6, 1, 1),
(906, 6, 'F6', 6, 1, 1),
(907, 6, 'F7', 6, 1, 1),
(908, 6, 'F8', 6, 1, 1),
(909, 6, 'F9', 6, 1, 1),
(910, 6, 'F10', 6, 1, 1),
(911, 6, 'F11', 6, 1, 1),
(912, 6, 'F12', 6, 1, 1),
(913, 6, 'G1', 7, 1, 1),
(914, 6, 'G2', 7, 1, 1),
(915, 6, 'G3', 7, 1, 1),
(916, 6, 'G4', 7, 1, 1),
(917, 6, 'G5', 7, 1, 1),
(918, 6, 'G6', 7, 1, 1),
(919, 6, 'G7', 7, 1, 1),
(920, 6, 'G8', 7, 1, 1),
(921, 6, 'G9', 7, 1, 1),
(922, 6, 'G10', 7, 1, 1),
(923, 6, 'G11', 7, 1, 1),
(924, 6, 'G12', 7, 1, 1),
(925, 6, 'H1', 8, 1, 1),
(926, 6, 'H2', 8, 1, 1),
(927, 6, 'H3', 8, 1, 1),
(928, 6, 'H4', 8, 1, 1),
(929, 6, 'H5', 8, 1, 1),
(930, 6, 'H6', 8, 1, 1),
(931, 6, 'H7', 8, 1, 1),
(932, 6, 'H8', 8, 1, 1),
(933, 6, 'H9', 8, 1, 1),
(934, 6, 'H10', 8, 1, 1),
(935, 6, 'H11', 8, 1, 1),
(936, 6, 'H12', 8, 1, 1),
(937, 7, 'A1', 1, 1, 1),
(938, 7, 'A2', 1, 1, 1),
(939, 7, 'A3', 1, 1, 1),
(940, 7, 'A4', 1, 1, 1),
(941, 7, 'A5', 1, 1, 1),
(942, 7, 'A6', 1, 1, 1),
(943, 7, 'A7', 1, 1, 1),
(944, 7, 'A8', 1, 1, 1),
(945, 7, 'B1', 2, 1, 1),
(946, 7, 'B2', 2, 1, 1),
(947, 7, 'B3', 2, 1, 1),
(948, 7, 'B4', 2, 1, 1),
(949, 7, 'B5', 2, 1, 1),
(950, 7, 'B6', 2, 1, 1),
(951, 7, 'B7', 2, 1, 1),
(952, 7, 'B8', 2, 1, 1),
(953, 7, 'C1', 3, 1, 1),
(954, 7, 'C2', 3, 1, 1),
(955, 7, 'C3', 3, 1, 1),
(956, 7, 'C4', 3, 1, 1),
(957, 7, 'C5', 3, 1, 1),
(958, 7, 'C6', 3, 1, 1),
(959, 7, 'C7', 3, 1, 1),
(960, 7, 'C8', 3, 1, 1),
(961, 7, 'D1', 4, 1, 1),
(962, 7, 'D2', 4, 1, 1),
(963, 7, 'D3', 4, 1, 1),
(964, 7, 'D4', 4, 1, 1),
(965, 7, 'D5', 4, 1, 1),
(966, 7, 'D6', 4, 1, 1),
(967, 7, 'D7', 4, 1, 1),
(968, 7, 'D8', 4, 1, 1),
(969, 7, 'E1', 5, 1, 1),
(970, 7, 'E2', 5, 1, 1),
(971, 7, 'E3', 5, 1, 1),
(972, 7, 'E4', 5, 1, 1),
(973, 7, 'E5', 5, 1, 1),
(974, 7, 'E6', 5, 1, 1),
(975, 7, 'E7', 5, 1, 1),
(976, 7, 'E8', 5, 1, 1),
(977, 7, 'F1', 6, 1, 1),
(978, 7, 'F2', 6, 1, 1),
(979, 7, 'F3', 6, 1, 1),
(980, 7, 'F4', 6, 1, 1),
(981, 7, 'F5', 6, 1, 1),
(982, 7, 'F6', 6, 1, 1),
(983, 7, 'F7', 6, 1, 1),
(984, 7, 'F8', 6, 1, 1),
(985, 8, 'A1', 1, 1, 1),
(986, 8, 'A2', 1, 1, 1),
(987, 8, 'A3', 1, 1, 1),
(988, 8, 'A4', 1, 1, 1),
(989, 8, 'A5', 1, 1, 1),
(990, 8, 'A6', 1, 1, 1),
(991, 8, 'A7', 1, 1, 1),
(992, 8, 'A8', 1, 1, 1),
(993, 8, 'A9', 1, 1, 1),
(994, 8, 'A10', 1, 1, 1),
(995, 8, 'A11', 1, 1, 1),
(996, 8, 'A12', 1, 1, 1),
(997, 8, 'A13', 1, 1, 1),
(998, 8, 'A14', 1, 1, 1),
(999, 8, 'A15', 1, 1, 1),
(1000, 8, 'B1', 2, 1, 1),
(1001, 8, 'B2', 2, 1, 1),
(1002, 8, 'B3', 2, 1, 1),
(1003, 8, 'B4', 2, 1, 1),
(1004, 8, 'B5', 2, 1, 1),
(1005, 8, 'B6', 2, 1, 1),
(1006, 8, 'B7', 2, 1, 1),
(1007, 8, 'B8', 2, 1, 1),
(1008, 8, 'B9', 2, 1, 1),
(1009, 8, 'B10', 2, 1, 1),
(1010, 8, 'B11', 2, 1, 1),
(1011, 8, 'B12', 2, 1, 1),
(1012, 8, 'B13', 2, 1, 1),
(1013, 8, 'B14', 2, 1, 1),
(1014, 8, 'B15', 2, 1, 1),
(1015, 8, 'C1', 3, 1, 1),
(1016, 8, 'C2', 3, 1, 1),
(1017, 8, 'C3', 3, 1, 1),
(1018, 8, 'C4', 3, 1, 1),
(1019, 8, 'C5', 3, 1, 1),
(1020, 8, 'C6', 3, 1, 1),
(1021, 8, 'C7', 3, 1, 1),
(1022, 8, 'C8', 3, 1, 1),
(1023, 8, 'C9', 3, 1, 1),
(1024, 8, 'C10', 3, 1, 1),
(1025, 8, 'C11', 3, 1, 1),
(1026, 8, 'C12', 3, 1, 1),
(1027, 8, 'C13', 3, 1, 1),
(1028, 8, 'C14', 3, 1, 1),
(1029, 8, 'C15', 3, 1, 1),
(1030, 8, 'D1', 4, 1, 1),
(1031, 8, 'D2', 4, 1, 1),
(1032, 8, 'D3', 4, 1, 1),
(1033, 8, 'D4', 4, 1, 1),
(1034, 8, 'D5', 4, 1, 1),
(1035, 8, 'D6', 4, 1, 1),
(1036, 8, 'D7', 4, 1, 1),
(1037, 8, 'D8', 4, 1, 1),
(1038, 8, 'D9', 4, 1, 1),
(1039, 8, 'D10', 4, 1, 1),
(1040, 8, 'D11', 4, 1, 1),
(1041, 8, 'D12', 4, 1, 1),
(1042, 8, 'D13', 4, 1, 1),
(1043, 8, 'D14', 4, 1, 1),
(1044, 8, 'D15', 4, 1, 1),
(1045, 8, 'E1', 5, 1, 1),
(1046, 8, 'E2', 5, 1, 1),
(1047, 8, 'E3', 5, 1, 1),
(1048, 8, 'E4', 5, 1, 1),
(1049, 8, 'E5', 5, 1, 1),
(1050, 8, 'E6', 5, 1, 1),
(1051, 8, 'E7', 5, 1, 1),
(1052, 8, 'E8', 5, 1, 1),
(1053, 8, 'E9', 5, 1, 1),
(1054, 8, 'E10', 5, 1, 1),
(1055, 8, 'E11', 5, 1, 1),
(1056, 8, 'E12', 5, 1, 1),
(1057, 8, 'E13', 5, 1, 1),
(1058, 8, 'E14', 5, 1, 1),
(1059, 8, 'E15', 5, 1, 1),
(1060, 8, 'F1', 6, 1, 1),
(1061, 8, 'F2', 6, 1, 1),
(1062, 8, 'F3', 6, 1, 1),
(1063, 8, 'F4', 6, 1, 1),
(1064, 8, 'F5', 6, 1, 1),
(1065, 8, 'F6', 6, 1, 1),
(1066, 8, 'F7', 6, 1, 1),
(1067, 8, 'F8', 6, 1, 1),
(1068, 8, 'F9', 6, 1, 1),
(1069, 8, 'F10', 6, 1, 1),
(1070, 8, 'F11', 6, 1, 1),
(1071, 8, 'F12', 6, 1, 1),
(1072, 8, 'F13', 6, 1, 1),
(1073, 8, 'F14', 6, 1, 1),
(1074, 8, 'F15', 6, 1, 1),
(1075, 8, 'G1', 7, 1, 1),
(1076, 8, 'G2', 7, 1, 1),
(1077, 8, 'G3', 7, 1, 1),
(1078, 8, 'G4', 7, 1, 1),
(1079, 8, 'G5', 7, 1, 1),
(1080, 8, 'G6', 7, 1, 1),
(1081, 8, 'G7', 7, 1, 1),
(1082, 8, 'G8', 7, 1, 1),
(1083, 8, 'G9', 7, 1, 1),
(1084, 8, 'G10', 7, 1, 1),
(1085, 8, 'G11', 7, 1, 1),
(1086, 8, 'G12', 7, 1, 1),
(1087, 8, 'G13', 7, 1, 1),
(1088, 8, 'G14', 7, 1, 1),
(1089, 8, 'G15', 7, 1, 1),
(1090, 8, 'H1', 8, 1, 1),
(1091, 8, 'H2', 8, 1, 1),
(1092, 8, 'H3', 8, 1, 1),
(1093, 8, 'H4', 8, 1, 1),
(1094, 8, 'H5', 8, 1, 1),
(1095, 8, 'H6', 8, 1, 1),
(1096, 8, 'H7', 8, 1, 1),
(1097, 8, 'H8', 8, 1, 1),
(1098, 8, 'H9', 8, 1, 1),
(1099, 8, 'H10', 8, 1, 1),
(1100, 8, 'H11', 8, 1, 1),
(1101, 8, 'H12', 8, 1, 1),
(1102, 8, 'H13', 8, 1, 1),
(1103, 8, 'H14', 8, 1, 1),
(1104, 8, 'H15', 8, 1, 1),
(1105, 8, 'I1', 9, 1, 1),
(1106, 8, 'I2', 9, 1, 1),
(1107, 8, 'I3', 9, 1, 1),
(1108, 8, 'I4', 9, 1, 1),
(1109, 8, 'I5', 9, 1, 1),
(1110, 8, 'I6', 9, 1, 1),
(1111, 8, 'I7', 9, 1, 1),
(1112, 8, 'I8', 9, 1, 1),
(1113, 8, 'I9', 9, 1, 1),
(1114, 8, 'I10', 9, 1, 1),
(1115, 8, 'I11', 9, 1, 1),
(1116, 8, 'I12', 9, 1, 1),
(1117, 8, 'I13', 9, 1, 1),
(1118, 8, 'I14', 9, 1, 1),
(1119, 8, 'I15', 9, 1, 1),
(1120, 8, 'J1', 10, 1, 1),
(1121, 8, 'J2', 10, 1, 1),
(1122, 8, 'J3', 10, 1, 1),
(1123, 8, 'J4', 10, 1, 1),
(1124, 8, 'J5', 10, 1, 1),
(1125, 8, 'J6', 10, 1, 1),
(1126, 8, 'J7', 10, 1, 1),
(1127, 8, 'J8', 10, 1, 1),
(1128, 8, 'J9', 10, 1, 1),
(1129, 8, 'J10', 10, 1, 1),
(1130, 8, 'J11', 10, 1, 1),
(1131, 8, 'J12', 10, 1, 1),
(1132, 8, 'J13', 10, 1, 1),
(1133, 8, 'J14', 10, 1, 1),
(1134, 8, 'J15', 10, 1, 1),
(1135, 9, 'A1', 1, 1, 1),
(1136, 9, 'A2', 1, 1, 1),
(1137, 9, 'A3', 1, 1, 1),
(1138, 9, 'A4', 1, 1, 1),
(1139, 9, 'A5', 1, 1, 1),
(1140, 9, 'A6', 1, 1, 1),
(1141, 9, 'A7', 1, 1, 1),
(1142, 9, 'A8', 1, 1, 1),
(1143, 9, 'A9', 1, 1, 1),
(1144, 9, 'A10', 1, 1, 1),
(1145, 9, 'B1', 2, 1, 1),
(1146, 9, 'B2', 2, 1, 1),
(1147, 9, 'B3', 2, 1, 1),
(1148, 9, 'B4', 2, 1, 1),
(1149, 9, 'B5', 2, 1, 1),
(1150, 9, 'B6', 2, 1, 1),
(1151, 9, 'B7', 2, 1, 1),
(1152, 9, 'B8', 2, 1, 1),
(1153, 9, 'B9', 2, 1, 1),
(1154, 9, 'B10', 2, 1, 1),
(1155, 9, 'C1', 3, 1, 1),
(1156, 9, 'C2', 3, 1, 1),
(1157, 9, 'C3', 3, 1, 1),
(1158, 9, 'C4', 3, 1, 1),
(1159, 9, 'C5', 3, 1, 1),
(1160, 9, 'C6', 3, 1, 1),
(1161, 9, 'C7', 3, 1, 1),
(1162, 9, 'C8', 3, 1, 1),
(1163, 9, 'C9', 3, 1, 1),
(1164, 9, 'C10', 3, 1, 1),
(1165, 9, 'D1', 4, 1, 1),
(1166, 9, 'D2', 4, 1, 1),
(1167, 9, 'D3', 4, 1, 1),
(1168, 9, 'D4', 4, 1, 1),
(1169, 9, 'D5', 4, 1, 1),
(1170, 9, 'D6', 4, 1, 1),
(1171, 9, 'D7', 4, 1, 1),
(1172, 9, 'D8', 4, 1, 1),
(1173, 9, 'D9', 4, 1, 1),
(1174, 9, 'D10', 4, 1, 1),
(1175, 9, 'E1', 5, 1, 1),
(1176, 9, 'E2', 5, 1, 1),
(1177, 9, 'E3', 5, 1, 1),
(1178, 9, 'E4', 5, 1, 1),
(1179, 9, 'E5', 5, 1, 1),
(1180, 9, 'E6', 5, 1, 1),
(1181, 9, 'E7', 5, 1, 1),
(1182, 9, 'E8', 5, 1, 1),
(1183, 9, 'E9', 5, 1, 1),
(1184, 9, 'E10', 5, 1, 1),
(1185, 9, 'F1', 6, 1, 1),
(1186, 9, 'F2', 6, 1, 1),
(1187, 9, 'F3', 6, 1, 1),
(1188, 9, 'F4', 6, 1, 1),
(1189, 9, 'F5', 6, 1, 1),
(1190, 9, 'F6', 6, 1, 1),
(1191, 9, 'F7', 6, 1, 1),
(1192, 9, 'F8', 6, 1, 1),
(1193, 9, 'F9', 6, 1, 1),
(1194, 9, 'F10', 6, 1, 1),
(1195, 9, 'G1', 7, 1, 1),
(1196, 9, 'G2', 7, 1, 1),
(1197, 9, 'G3', 7, 1, 1),
(1198, 9, 'G4', 7, 1, 1),
(1199, 9, 'G5', 7, 1, 1),
(1200, 9, 'G6', 7, 1, 1),
(1201, 9, 'G7', 7, 1, 1),
(1202, 9, 'G8', 7, 1, 1),
(1203, 9, 'G9', 7, 1, 1),
(1204, 9, 'G10', 7, 1, 1),
(1205, 10, 'A1', 1, 1, 1),
(1206, 10, 'A2', 1, 1, 1),
(1207, 10, 'A3', 1, 1, 1),
(1208, 10, 'A4', 1, 1, 1),
(1209, 10, 'A5', 1, 1, 1),
(1210, 10, 'A6', 1, 1, 1),
(1211, 10, 'A7', 1, 1, 1),
(1212, 10, 'A8', 1, 1, 1),
(1213, 10, 'A9', 1, 1, 1),
(1214, 10, 'A10', 1, 1, 1),
(1215, 10, 'A11', 1, 1, 1),
(1216, 10, 'A12', 1, 1, 1),
(1217, 10, 'B1', 2, 1, 1),
(1218, 10, 'B2', 2, 1, 1),
(1219, 10, 'B3', 2, 1, 1),
(1220, 10, 'B4', 2, 1, 1),
(1221, 10, 'B5', 2, 1, 1),
(1222, 10, 'B6', 2, 1, 1),
(1223, 10, 'B7', 2, 1, 1),
(1224, 10, 'B8', 2, 1, 1),
(1225, 10, 'B9', 2, 1, 1),
(1226, 10, 'B10', 2, 1, 1),
(1227, 10, 'B11', 2, 1, 1),
(1228, 10, 'B12', 2, 1, 1),
(1229, 10, 'C1', 3, 1, 1),
(1230, 10, 'C2', 3, 1, 1),
(1231, 10, 'C3', 3, 1, 1),
(1232, 10, 'C4', 3, 1, 1),
(1233, 10, 'C5', 3, 1, 1),
(1234, 10, 'C6', 3, 1, 1),
(1235, 10, 'C7', 3, 1, 1),
(1236, 10, 'C8', 3, 1, 1),
(1237, 10, 'C9', 3, 1, 1),
(1238, 10, 'C10', 3, 1, 1),
(1239, 10, 'C11', 3, 1, 1),
(1240, 10, 'C12', 3, 1, 1),
(1241, 10, 'D1', 4, 1, 1),
(1242, 10, 'D2', 4, 1, 1),
(1243, 10, 'D3', 4, 1, 1),
(1244, 10, 'D4', 4, 1, 1),
(1245, 10, 'D5', 4, 1, 1),
(1246, 10, 'D6', 4, 1, 1),
(1247, 10, 'D7', 4, 1, 1),
(1248, 10, 'D8', 4, 1, 1),
(1249, 10, 'D9', 4, 1, 1),
(1250, 10, 'D10', 4, 1, 1),
(1251, 10, 'D11', 4, 1, 1),
(1252, 10, 'D12', 4, 1, 1),
(1253, 10, 'E1', 5, 1, 1),
(1254, 10, 'E2', 5, 1, 1),
(1255, 10, 'E3', 5, 1, 1),
(1256, 10, 'E4', 5, 1, 1),
(1257, 10, 'E5', 5, 1, 1),
(1258, 10, 'E6', 5, 1, 1),
(1259, 10, 'E7', 5, 1, 1),
(1260, 10, 'E8', 5, 1, 1),
(1261, 10, 'E9', 5, 1, 1),
(1262, 10, 'E10', 5, 1, 1),
(1263, 10, 'E11', 5, 1, 1),
(1264, 10, 'E12', 5, 1, 1),
(1265, 10, 'F1', 6, 1, 1),
(1266, 10, 'F2', 6, 1, 1),
(1267, 10, 'F3', 6, 1, 1),
(1268, 10, 'F4', 6, 1, 1),
(1269, 10, 'F5', 6, 1, 1),
(1270, 10, 'F6', 6, 1, 1),
(1271, 10, 'F7', 6, 1, 1),
(1272, 10, 'F8', 6, 1, 1),
(1273, 10, 'F9', 6, 1, 1),
(1274, 10, 'F10', 6, 1, 1),
(1275, 10, 'F11', 6, 1, 1),
(1276, 10, 'F12', 6, 1, 1),
(1277, 10, 'G1', 7, 1, 1),
(1278, 10, 'G2', 7, 1, 1),
(1279, 10, 'G3', 7, 1, 1),
(1280, 10, 'G4', 7, 1, 1),
(1281, 10, 'G5', 7, 1, 1),
(1282, 10, 'G6', 7, 1, 1),
(1283, 10, 'G7', 7, 1, 1),
(1284, 10, 'G8', 7, 1, 1),
(1285, 10, 'G9', 7, 1, 1),
(1286, 10, 'G10', 7, 1, 1),
(1287, 10, 'G11', 7, 1, 1),
(1288, 10, 'G12', 7, 1, 1),
(1289, 10, 'H1', 8, 1, 1),
(1290, 10, 'H2', 8, 1, 1),
(1291, 10, 'H3', 8, 1, 1),
(1292, 10, 'H4', 8, 1, 1),
(1293, 10, 'H5', 8, 1, 1),
(1294, 10, 'H6', 8, 1, 1),
(1295, 10, 'H7', 8, 1, 1),
(1296, 10, 'H8', 8, 1, 1),
(1297, 10, 'H9', 8, 1, 1),
(1298, 10, 'H10', 8, 1, 1),
(1299, 10, 'H11', 8, 1, 1),
(1300, 10, 'H12', 8, 1, 1),
(1301, 11, 'A1', 1, 1, 1),
(1302, 11, 'A2', 1, 1, 1),
(1303, 11, 'A3', 1, 1, 1),
(1304, 11, 'A4', 1, 1, 1),
(1305, 11, 'A5', 1, 1, 1),
(1306, 11, 'A6', 1, 1, 1),
(1307, 11, 'A7', 1, 1, 1),
(1308, 11, 'A8', 1, 1, 1),
(1309, 11, 'B1', 2, 1, 1),
(1310, 11, 'B2', 2, 1, 1),
(1311, 11, 'B3', 2, 1, 1),
(1312, 11, 'B4', 2, 1, 1),
(1313, 11, 'B5', 2, 1, 1),
(1314, 11, 'B6', 2, 1, 1),
(1315, 11, 'B7', 2, 1, 1),
(1316, 11, 'B8', 2, 1, 1),
(1317, 11, 'C1', 3, 1, 1),
(1318, 11, 'C2', 3, 1, 1),
(1319, 11, 'C3', 3, 1, 1),
(1320, 11, 'C4', 3, 1, 1),
(1321, 11, 'C5', 3, 1, 1),
(1322, 11, 'C6', 3, 1, 1),
(1323, 11, 'C7', 3, 1, 1),
(1324, 11, 'C8', 3, 1, 1),
(1325, 11, 'D1', 4, 1, 1),
(1326, 11, 'D2', 4, 1, 1),
(1327, 11, 'D3', 4, 1, 1),
(1328, 11, 'D4', 4, 1, 1),
(1329, 11, 'D5', 4, 1, 1),
(1330, 11, 'D6', 4, 1, 1),
(1331, 11, 'D7', 4, 1, 1),
(1332, 11, 'D8', 4, 1, 1),
(1333, 11, 'E1', 5, 1, 1),
(1334, 11, 'E2', 5, 1, 1),
(1335, 11, 'E3', 5, 1, 1),
(1336, 11, 'E4', 5, 1, 1),
(1337, 11, 'E5', 5, 1, 1),
(1338, 11, 'E6', 5, 1, 1),
(1339, 11, 'E7', 5, 1, 1),
(1340, 11, 'E8', 5, 1, 1),
(1341, 11, 'F1', 6, 1, 1),
(1342, 11, 'F2', 6, 1, 1),
(1343, 11, 'F3', 6, 1, 1),
(1344, 11, 'F4', 6, 1, 1),
(1345, 11, 'F5', 6, 1, 1),
(1346, 11, 'F6', 6, 1, 1),
(1347, 11, 'F7', 6, 1, 1),
(1348, 11, 'F8', 6, 1, 1),
(1349, 12, 'A1', 1, 1, 1),
(1350, 12, 'A2', 1, 1, 1),
(1351, 12, 'A3', 1, 1, 1),
(1352, 12, 'A4', 1, 1, 1),
(1353, 12, 'A5', 1, 1, 1),
(1354, 12, 'A6', 1, 1, 1),
(1355, 12, 'A7', 1, 1, 1),
(1356, 12, 'A8', 1, 1, 1),
(1357, 12, 'A9', 1, 1, 1),
(1358, 12, 'A10', 1, 1, 1),
(1359, 12, 'A11', 1, 1, 1),
(1360, 12, 'A12', 1, 1, 1),
(1361, 12, 'A13', 1, 1, 1),
(1362, 12, 'A14', 1, 1, 1),
(1363, 12, 'A15', 1, 1, 1),
(1364, 12, 'B1', 2, 1, 1),
(1365, 12, 'B2', 2, 1, 1),
(1366, 12, 'B3', 2, 1, 1),
(1367, 12, 'B4', 2, 1, 1),
(1368, 12, 'B5', 2, 1, 1),
(1369, 12, 'B6', 2, 1, 1),
(1370, 12, 'B7', 2, 1, 1),
(1371, 12, 'B8', 2, 1, 1),
(1372, 12, 'B9', 2, 1, 1),
(1373, 12, 'B10', 2, 1, 1),
(1374, 12, 'B11', 2, 1, 1),
(1375, 12, 'B12', 2, 1, 1),
(1376, 12, 'B13', 2, 1, 1),
(1377, 12, 'B14', 2, 1, 1),
(1378, 12, 'B15', 2, 1, 1),
(1379, 12, 'C1', 3, 1, 1),
(1380, 12, 'C2', 3, 1, 1),
(1381, 12, 'C3', 3, 1, 1),
(1382, 12, 'C4', 3, 1, 1),
(1383, 12, 'C5', 3, 1, 1),
(1384, 12, 'C6', 3, 1, 1),
(1385, 12, 'C7', 3, 1, 1),
(1386, 12, 'C8', 3, 1, 1),
(1387, 12, 'C9', 3, 1, 1),
(1388, 12, 'C10', 3, 1, 1),
(1389, 12, 'C11', 3, 1, 1),
(1390, 12, 'C12', 3, 1, 1),
(1391, 12, 'C13', 3, 1, 1),
(1392, 12, 'C14', 3, 1, 1),
(1393, 12, 'C15', 3, 1, 1),
(1394, 12, 'D1', 4, 1, 1),
(1395, 12, 'D2', 4, 1, 1),
(1396, 12, 'D3', 4, 1, 1),
(1397, 12, 'D4', 4, 1, 1),
(1398, 12, 'D5', 4, 1, 1),
(1399, 12, 'D6', 4, 1, 1),
(1400, 12, 'D7', 4, 1, 1),
(1401, 12, 'D8', 4, 1, 1),
(1402, 12, 'D9', 4, 1, 1),
(1403, 12, 'D10', 4, 1, 1),
(1404, 12, 'D11', 4, 1, 1),
(1405, 12, 'D12', 4, 1, 1),
(1406, 12, 'D13', 4, 1, 1),
(1407, 12, 'D14', 4, 1, 1),
(1408, 12, 'D15', 4, 1, 1),
(1409, 12, 'E1', 5, 1, 1),
(1410, 12, 'E2', 5, 1, 1),
(1411, 12, 'E3', 5, 1, 1),
(1412, 12, 'E4', 5, 1, 1),
(1413, 12, 'E5', 5, 1, 1),
(1414, 12, 'E6', 5, 1, 1),
(1415, 12, 'E7', 5, 1, 1),
(1416, 12, 'E8', 5, 1, 1),
(1417, 12, 'E9', 5, 1, 1),
(1418, 12, 'E10', 5, 1, 1),
(1419, 12, 'E11', 5, 1, 1),
(1420, 12, 'E12', 5, 1, 1),
(1421, 12, 'E13', 5, 1, 1),
(1422, 12, 'E14', 5, 1, 1),
(1423, 12, 'E15', 5, 1, 1),
(1424, 12, 'F1', 6, 1, 1),
(1425, 12, 'F2', 6, 1, 1),
(1426, 12, 'F3', 6, 1, 1),
(1427, 12, 'F4', 6, 1, 1),
(1428, 12, 'F5', 6, 1, 1),
(1429, 12, 'F6', 6, 1, 1),
(1430, 12, 'F7', 6, 1, 1),
(1431, 12, 'F8', 6, 1, 1),
(1432, 12, 'F9', 6, 1, 1),
(1433, 12, 'F10', 6, 1, 1),
(1434, 12, 'F11', 6, 1, 1),
(1435, 12, 'F12', 6, 1, 1),
(1436, 12, 'F13', 6, 1, 1),
(1437, 12, 'F14', 6, 1, 1),
(1438, 12, 'F15', 6, 1, 1),
(1439, 12, 'G1', 7, 1, 1),
(1440, 12, 'G2', 7, 1, 1),
(1441, 12, 'G3', 7, 1, 1),
(1442, 12, 'G4', 7, 1, 1),
(1443, 12, 'G5', 7, 1, 1),
(1444, 12, 'G6', 7, 1, 1),
(1445, 12, 'G7', 7, 1, 1),
(1446, 12, 'G8', 7, 1, 1),
(1447, 12, 'G9', 7, 1, 1),
(1448, 12, 'G10', 7, 1, 1),
(1449, 12, 'G11', 7, 1, 1),
(1450, 12, 'G12', 7, 1, 1),
(1451, 12, 'G13', 7, 1, 1),
(1452, 12, 'G14', 7, 1, 1),
(1453, 12, 'G15', 7, 1, 1),
(1454, 12, 'H1', 8, 1, 1),
(1455, 12, 'H2', 8, 1, 1),
(1456, 12, 'H3', 8, 1, 1),
(1457, 12, 'H4', 8, 1, 1),
(1458, 12, 'H5', 8, 1, 1),
(1459, 12, 'H6', 8, 1, 1),
(1460, 12, 'H7', 8, 1, 1),
(1461, 12, 'H8', 8, 1, 1),
(1462, 12, 'H9', 8, 1, 1),
(1463, 12, 'H10', 8, 1, 1),
(1464, 12, 'H11', 8, 1, 1),
(1465, 12, 'H12', 8, 1, 1),
(1466, 12, 'H13', 8, 1, 1),
(1467, 12, 'H14', 8, 1, 1),
(1468, 12, 'H15', 8, 1, 1),
(1469, 12, 'I1', 9, 1, 1),
(1470, 12, 'I2', 9, 1, 1),
(1471, 12, 'I3', 9, 1, 1),
(1472, 12, 'I4', 9, 1, 1),
(1473, 12, 'I5', 9, 1, 1),
(1474, 12, 'I6', 9, 1, 1),
(1475, 12, 'I7', 9, 1, 1),
(1476, 12, 'I8', 9, 1, 1),
(1477, 12, 'I9', 9, 1, 1),
(1478, 12, 'I10', 9, 1, 1),
(1479, 12, 'I11', 9, 1, 1),
(1480, 12, 'I12', 9, 1, 1),
(1481, 12, 'I13', 9, 1, 1),
(1482, 12, 'I14', 9, 1, 1),
(1483, 12, 'I15', 9, 1, 1),
(1484, 12, 'J1', 10, 1, 1),
(1485, 12, 'J2', 10, 1, 1),
(1486, 12, 'J3', 10, 1, 1),
(1487, 12, 'J4', 10, 1, 1),
(1488, 12, 'J5', 10, 1, 1),
(1489, 12, 'J6', 10, 1, 1),
(1490, 12, 'J7', 10, 1, 1),
(1491, 12, 'J8', 10, 1, 1),
(1492, 12, 'J9', 10, 1, 1),
(1493, 12, 'J10', 10, 1, 1),
(1494, 12, 'J11', 10, 1, 1),
(1495, 12, 'J12', 10, 1, 1),
(1496, 12, 'J13', 10, 1, 1),
(1497, 12, 'J14', 10, 1, 1),
(1498, 12, 'J15', 10, 1, 1),
(1499, 13, 'A1', 1, 1, 1),
(1500, 13, 'A2', 1, 1, 1),
(1501, 13, 'A3', 1, 1, 1),
(1502, 13, 'A4', 1, 1, 1),
(1503, 13, 'A5', 1, 1, 1),
(1504, 13, 'A6', 1, 1, 1),
(1505, 13, 'A7', 1, 1, 1),
(1506, 13, 'A8', 1, 1, 1),
(1507, 13, 'A9', 1, 1, 1),
(1508, 13, 'A10', 1, 1, 1),
(1509, 13, 'B1', 2, 1, 1),
(1510, 13, 'B2', 2, 1, 1),
(1511, 13, 'B3', 2, 1, 1),
(1512, 13, 'B4', 2, 1, 1),
(1513, 13, 'B5', 2, 1, 1),
(1514, 13, 'B6', 2, 1, 1),
(1515, 13, 'B7', 2, 1, 1),
(1516, 13, 'B8', 2, 1, 1),
(1517, 13, 'B9', 2, 1, 1),
(1518, 13, 'B10', 2, 1, 1),
(1519, 13, 'C1', 3, 1, 1),
(1520, 13, 'C2', 3, 1, 1),
(1521, 13, 'C3', 3, 1, 1),
(1522, 13, 'C4', 3, 1, 1),
(1523, 13, 'C5', 3, 1, 1),
(1524, 13, 'C6', 3, 1, 1),
(1525, 13, 'C7', 3, 1, 1),
(1526, 13, 'C8', 3, 1, 1),
(1527, 13, 'C9', 3, 1, 1),
(1528, 13, 'C10', 3, 1, 1),
(1529, 13, 'D1', 4, 1, 1),
(1530, 13, 'D2', 4, 1, 1),
(1531, 13, 'D3', 4, 1, 1),
(1532, 13, 'D4', 4, 1, 1),
(1533, 13, 'D5', 4, 1, 1),
(1534, 13, 'D6', 4, 1, 1),
(1535, 13, 'D7', 4, 1, 1),
(1536, 13, 'D8', 4, 1, 1),
(1537, 13, 'D9', 4, 1, 1),
(1538, 13, 'D10', 4, 1, 1),
(1539, 13, 'E1', 5, 1, 1),
(1540, 13, 'E2', 5, 1, 1),
(1541, 13, 'E3', 5, 1, 1),
(1542, 13, 'E4', 5, 1, 1),
(1543, 13, 'E5', 5, 1, 1),
(1544, 13, 'E6', 5, 1, 1),
(1545, 13, 'E7', 5, 1, 1),
(1546, 13, 'E8', 5, 1, 1),
(1547, 13, 'E9', 5, 1, 1),
(1548, 13, 'E10', 5, 1, 1),
(1549, 13, 'F1', 6, 1, 1),
(1550, 13, 'F2', 6, 1, 1),
(1551, 13, 'F3', 6, 1, 1),
(1552, 13, 'F4', 6, 1, 1),
(1553, 13, 'F5', 6, 1, 1),
(1554, 13, 'F6', 6, 1, 1),
(1555, 13, 'F7', 6, 1, 1),
(1556, 13, 'F8', 6, 1, 1),
(1557, 13, 'F9', 6, 1, 1),
(1558, 13, 'F10', 6, 1, 1),
(1559, 13, 'G1', 7, 1, 1),
(1560, 13, 'G2', 7, 1, 1),
(1561, 13, 'G3', 7, 1, 1),
(1562, 13, 'G4', 7, 1, 1),
(1563, 13, 'G5', 7, 1, 1),
(1564, 13, 'G6', 7, 1, 1),
(1565, 13, 'G7', 7, 1, 1),
(1566, 13, 'G8', 7, 1, 1),
(1567, 13, 'G9', 7, 1, 1),
(1568, 13, 'G10', 7, 1, 1),
(1569, 14, 'A1', 1, 1, 1),
(1570, 14, 'A2', 1, 1, 1),
(1571, 14, 'A3', 1, 1, 1),
(1572, 14, 'A4', 1, 1, 1),
(1573, 14, 'A5', 1, 1, 1),
(1574, 14, 'A6', 1, 1, 1),
(1575, 14, 'A7', 1, 1, 1),
(1576, 14, 'A8', 1, 1, 1),
(1577, 14, 'A9', 1, 1, 1),
(1578, 14, 'A10', 1, 1, 1),
(1579, 14, 'A11', 1, 1, 1),
(1580, 14, 'A12', 1, 1, 1),
(1581, 14, 'A13', 1, 1, 1),
(1582, 14, 'A14', 1, 1, 1),
(1583, 14, 'A15', 1, 1, 1),
(1584, 14, 'B1', 2, 1, 1),
(1585, 14, 'B2', 2, 1, 1),
(1586, 14, 'B3', 2, 1, 1),
(1587, 14, 'B4', 2, 1, 1),
(1588, 14, 'B5', 2, 1, 1),
(1589, 14, 'B6', 2, 1, 1),
(1590, 14, 'B7', 2, 1, 1),
(1591, 14, 'B8', 2, 1, 1),
(1592, 14, 'B9', 2, 1, 1),
(1593, 14, 'B10', 2, 1, 1),
(1594, 14, 'B11', 2, 1, 1),
(1595, 14, 'B12', 2, 1, 1),
(1596, 14, 'B13', 2, 1, 1),
(1597, 14, 'B14', 2, 1, 1),
(1598, 14, 'B15', 2, 1, 1),
(1599, 14, 'C1', 3, 1, 1),
(1600, 14, 'C2', 3, 1, 1),
(1601, 14, 'C3', 3, 1, 1),
(1602, 14, 'C4', 3, 1, 1),
(1603, 14, 'C5', 3, 1, 1),
(1604, 14, 'C6', 3, 1, 1),
(1605, 14, 'C7', 3, 1, 1),
(1606, 14, 'C8', 3, 1, 1),
(1607, 14, 'C9', 3, 1, 1),
(1608, 14, 'C10', 3, 1, 1),
(1609, 14, 'C11', 3, 1, 1),
(1610, 14, 'C12', 3, 1, 1),
(1611, 14, 'C13', 3, 1, 1),
(1612, 14, 'C14', 3, 1, 1),
(1613, 14, 'C15', 3, 1, 1),
(1614, 14, 'D1', 4, 1, 1),
(1615, 14, 'D2', 4, 1, 1),
(1616, 14, 'D3', 4, 1, 1),
(1617, 14, 'D4', 4, 1, 1),
(1618, 14, 'D5', 4, 1, 1),
(1619, 14, 'D6', 4, 1, 1),
(1620, 14, 'D7', 4, 1, 1),
(1621, 14, 'D8', 4, 1, 1),
(1622, 14, 'D9', 4, 1, 1),
(1623, 14, 'D10', 4, 1, 1),
(1624, 14, 'D11', 4, 1, 1),
(1625, 14, 'D12', 4, 1, 1),
(1626, 14, 'D13', 4, 1, 1),
(1627, 14, 'D14', 4, 1, 1),
(1628, 14, 'D15', 4, 1, 1),
(1629, 14, 'E1', 5, 1, 1),
(1630, 14, 'E2', 5, 1, 1),
(1631, 14, 'E3', 5, 1, 1),
(1632, 14, 'E4', 5, 1, 1),
(1633, 14, 'E5', 5, 1, 1),
(1634, 14, 'E6', 5, 1, 1),
(1635, 14, 'E7', 5, 1, 1),
(1636, 14, 'E8', 5, 1, 1),
(1637, 14, 'E9', 5, 1, 1),
(1638, 14, 'E10', 5, 1, 1),
(1639, 14, 'E11', 5, 1, 1),
(1640, 14, 'E12', 5, 1, 1),
(1641, 14, 'E13', 5, 1, 1),
(1642, 14, 'E14', 5, 1, 1),
(1643, 14, 'E15', 5, 1, 1),
(1644, 14, 'F1', 6, 1, 1),
(1645, 14, 'F2', 6, 1, 1),
(1646, 14, 'F3', 6, 1, 1),
(1647, 14, 'F4', 6, 1, 1),
(1648, 14, 'F5', 6, 1, 1),
(1649, 14, 'F6', 6, 1, 1),
(1650, 14, 'F7', 6, 1, 1),
(1651, 14, 'F8', 6, 1, 1),
(1652, 14, 'F9', 6, 1, 1),
(1653, 14, 'F10', 6, 1, 1),
(1654, 14, 'F11', 6, 1, 1),
(1655, 14, 'F12', 6, 1, 1),
(1656, 14, 'F13', 6, 1, 1),
(1657, 14, 'F14', 6, 1, 1),
(1658, 14, 'F15', 6, 1, 1),
(1659, 14, 'G1', 7, 1, 1),
(1660, 14, 'G2', 7, 1, 1),
(1661, 14, 'G3', 7, 1, 1),
(1662, 14, 'G4', 7, 1, 1),
(1663, 14, 'G5', 7, 1, 1),
(1664, 14, 'G6', 7, 1, 1),
(1665, 14, 'G7', 7, 1, 1),
(1666, 14, 'G8', 7, 1, 1),
(1667, 14, 'G9', 7, 1, 1),
(1668, 14, 'G10', 7, 1, 1),
(1669, 14, 'G11', 7, 1, 1),
(1670, 14, 'G12', 7, 1, 1),
(1671, 14, 'G13', 7, 1, 1),
(1672, 14, 'G14', 7, 1, 1),
(1673, 14, 'G15', 7, 1, 1),
(1674, 14, 'H1', 8, 1, 1),
(1675, 14, 'H2', 8, 1, 1),
(1676, 14, 'H3', 8, 1, 1),
(1677, 14, 'H4', 8, 1, 1),
(1678, 14, 'H5', 8, 1, 1),
(1679, 14, 'H6', 8, 1, 1),
(1680, 14, 'H7', 8, 1, 1),
(1681, 14, 'H8', 8, 1, 1),
(1682, 14, 'H9', 8, 1, 1),
(1683, 14, 'H10', 8, 1, 1),
(1684, 14, 'H11', 8, 1, 1),
(1685, 14, 'H12', 8, 1, 1),
(1686, 14, 'H13', 8, 1, 1),
(1687, 14, 'H14', 8, 1, 1),
(1688, 14, 'H15', 8, 1, 1),
(1689, 14, 'I1', 9, 1, 1),
(1690, 14, 'I2', 9, 1, 1),
(1691, 14, 'I3', 9, 1, 1),
(1692, 14, 'I4', 9, 1, 1),
(1693, 14, 'I5', 9, 1, 1),
(1694, 14, 'I6', 9, 1, 1),
(1695, 14, 'I7', 9, 1, 1),
(1696, 14, 'I8', 9, 1, 1),
(1697, 14, 'I9', 9, 1, 1),
(1698, 14, 'I10', 9, 1, 1),
(1699, 14, 'I11', 9, 1, 1),
(1700, 14, 'I12', 9, 1, 1),
(1701, 14, 'I13', 9, 1, 1),
(1702, 14, 'I14', 9, 1, 1),
(1703, 14, 'I15', 9, 1, 1),
(1704, 14, 'J1', 10, 1, 1),
(1705, 14, 'J2', 10, 1, 1),
(1706, 14, 'J3', 10, 1, 1),
(1707, 14, 'J4', 10, 1, 1),
(1708, 14, 'J5', 10, 1, 1),
(1709, 14, 'J6', 10, 1, 1),
(1710, 14, 'J7', 10, 1, 1),
(1711, 14, 'J8', 10, 1, 1),
(1712, 14, 'J9', 10, 1, 1),
(1713, 14, 'J10', 10, 1, 1),
(1714, 14, 'J11', 10, 1, 1),
(1715, 14, 'J12', 10, 1, 1),
(1716, 14, 'J13', 10, 1, 1),
(1717, 14, 'J14', 10, 1, 1),
(1718, 14, 'J15', 10, 1, 1);

-- --------------------------------------------------------

--
-- Cấu trúc bảng cho bảng `hang_thanh_vien`
--

CREATE TABLE `hang_thanh_vien` (
  `id` int NOT NULL,
  `id_nguoi_dung` int DEFAULT NULL,
  `ten_hang` varchar(50) DEFAULT NULL,
  `uu_dai` text,
  `diem_toi_thieu` int DEFAULT NULL
) ENGINE=InnoDB DEFAULT CHARSET=utf8mb4 COLLATE=utf8mb4_0900_ai_ci;

-- --------------------------------------------------------

--
-- Cấu trúc bảng cho bảng `jobs`
--

CREATE TABLE `jobs` (
  `id` bigint UNSIGNED NOT NULL,
  `queue` varchar(255) CHARACTER SET utf8mb4 COLLATE utf8mb4_0900_ai_ci NOT NULL,
  `payload` longtext CHARACTER SET utf8mb4 COLLATE utf8mb4_0900_ai_ci NOT NULL,
  `attempts` tinyint UNSIGNED NOT NULL,
  `reserved_at` int UNSIGNED DEFAULT NULL,
  `available_at` int UNSIGNED NOT NULL,
  `created_at` int UNSIGNED NOT NULL
) ENGINE=InnoDB DEFAULT CHARSET=utf8mb4 COLLATE=utf8mb4_0900_ai_ci;

-- --------------------------------------------------------

--
-- Cấu trúc bảng cho bảng `job_batches`
--

CREATE TABLE `job_batches` (
  `id` varchar(255) CHARACTER SET utf8mb4 COLLATE utf8mb4_0900_ai_ci NOT NULL,
  `name` varchar(255) CHARACTER SET utf8mb4 COLLATE utf8mb4_0900_ai_ci NOT NULL,
  `total_jobs` int NOT NULL,
  `pending_jobs` int NOT NULL,
  `failed_jobs` int NOT NULL,
  `failed_job_ids` longtext CHARACTER SET utf8mb4 COLLATE utf8mb4_0900_ai_ci NOT NULL,
  `options` mediumtext CHARACTER SET utf8mb4 COLLATE utf8mb4_0900_ai_ci,
  `cancelled_at` int DEFAULT NULL,
  `created_at` int NOT NULL,
  `finished_at` int DEFAULT NULL
) ENGINE=InnoDB DEFAULT CHARSET=utf8mb4 COLLATE=utf8mb4_0900_ai_ci;

-- --------------------------------------------------------

--
-- Cấu trúc bảng cho bảng `khuyen_mai`
--

CREATE TABLE `khuyen_mai` (
  `id` int NOT NULL,
  `ma_km` varchar(50) DEFAULT NULL,
  `mo_ta` text,
  `ngay_bat_dau` date DEFAULT NULL,
  `ngay_ket_thuc` date DEFAULT NULL,
  `gia_tri_giam` decimal(10,2) DEFAULT NULL,
  `loai_giam` enum('phantram','codinh') NOT NULL DEFAULT 'phantram',
  `dieu_kien` varchar(255) DEFAULT NULL,
  `trang_thai` tinyint(1) DEFAULT '1',
  `created_at` datetime DEFAULT NULL,
  `updated_at` datetime DEFAULT NULL
) ENGINE=InnoDB DEFAULT CHARSET=utf8mb4 COLLATE=utf8mb4_0900_ai_ci;

--
-- Đang đổ dữ liệu cho bảng `khuyen_mai`
--

INSERT INTO `khuyen_mai` (`id`, `ma_km`, `mo_ta`, `ngay_bat_dau`, `ngay_ket_thuc`, `gia_tri_giam`, `loai_giam`, `dieu_kien`, `trang_thai`, `created_at`, `updated_at`) VALUES
(1, 'dâfadsdgfd', 'Giảm 10% cho đơn đặt vé demo', '2025-10-01', '2025-10-31', 10.00, 'phantram', NULL, 1, '2025-10-30 00:36:10', '2025-10-30 07:45:10'),
(2, 'sgdgas', 'ádfghj', '2025-10-31', '2025-11-09', 20.00, 'phantram', NULL, 1, '2025-10-30 00:37:09', '2025-10-30 00:37:09');

-- --------------------------------------------------------

--
-- Cấu trúc bảng cho bảng `lich_su_diem`
--

CREATE TABLE `lich_su_diem` (
  `id` int NOT NULL,
  `id_nguoi_dung` int DEFAULT NULL,
  `ly_do` varchar(255) DEFAULT NULL,
  `diem_thay_doi` int DEFAULT NULL,
  `ngay` date DEFAULT NULL
) ENGINE=InnoDB DEFAULT CHARSET=utf8mb4 COLLATE=utf8mb4_0900_ai_ci;

-- --------------------------------------------------------

--
-- Cấu trúc bảng cho bảng `loai_ghe`
--

CREATE TABLE `loai_ghe` (
  `id` int NOT NULL,
  `ten_loai` varchar(50) DEFAULT NULL,
  `he_so_gia` decimal(5,2) DEFAULT NULL
) ENGINE=InnoDB DEFAULT CHARSET=utf8mb4 COLLATE=utf8mb4_0900_ai_ci;

--
-- Đang đổ dữ liệu cho bảng `loai_ghe`
--

INSERT INTO `loai_ghe` (`id`, `ten_loai`, `he_so_gia`) VALUES
(1, 'Ghế thường', 1.00),
(2, 'Ghế VIP', 1.50),
(3, 'Ghế đôi', 2.00),
(4, 'Ghế Thường', 1.00),
(5, 'Ghế VIP', 1.50),
(6, 'Ghế Đôi', 2.00),
(7, 'Ghế Premium', 1.80);

-- --------------------------------------------------------

--
-- Cấu trúc bảng cho bảng `migrations`
--

CREATE TABLE `migrations` (
  `id` int UNSIGNED NOT NULL,
  `migration` varchar(255) CHARACTER SET utf8mb4 COLLATE utf8mb4_0900_ai_ci NOT NULL,
  `batch` int NOT NULL
) ENGINE=InnoDB DEFAULT CHARSET=utf8mb4 COLLATE=utf8mb4_0900_ai_ci;

--
-- Đang đổ dữ liệu cho bảng `migrations`
--

INSERT INTO `migrations` (`id`, `migration`, `batch`) VALUES
(1, '0001_01_01_000000_create_users_table', 1),
(2, '0001_01_01_000001_create_cache_table', 1),
(3, '0001_01_01_000002_create_jobs_table', 1),
(4, '2025_10_09_100000_add_loai_giam_to_khuyen_mai_table', 2),
(5, '2025_10_23_100000_add_id_phong_to_phim_table', 3),
(6, '2025_10_11_031039_create_phim_table', 4),
(7, '2025_10_21_120000_alter_phim_table_to_new_schema', 4),
(8, '2025_10_29_093507_add_start_time_to_suat_chieu_table', 5),
(9, '2025_10_15_144130_add_deleted_at_to_nguoi_dung_table', 6),
(10, '2025_10_29_173211_add_gia_ve_to_chi_tiet_dat_ve_table', 7),
(11, '2025_10_29_173325_add_status_to_phong_chieu_table', 8),
(12, '2025_10_30_000000_create_loai_ghe_table', 9);

-- --------------------------------------------------------

--
-- Cấu trúc bảng cho bảng `mon_an`
--

CREATE TABLE `mon_an` (
  `id` int NOT NULL,
  `ten` varchar(255) NOT NULL,
  `loai` varchar(100) DEFAULT NULL COMMENT 'Bắp, Nước, Snack, Hotdog...',
  `anh` varchar(500) DEFAULT NULL,
  `trang_thai` tinyint(1) DEFAULT '1',
  `created_at` datetime DEFAULT CURRENT_TIMESTAMP,
  `updated_at` datetime DEFAULT CURRENT_TIMESTAMP ON UPDATE CURRENT_TIMESTAMP
) ENGINE=InnoDB DEFAULT CHARSET=utf8mb4 COLLATE=utf8mb4_0900_ai_ci;

--
-- Đang đổ dữ liệu cho bảng `mon_an`
--

INSERT INTO `mon_an` (`id`, `ten`, `loai`, `anh`, `trang_thai`, `created_at`, `updated_at`) VALUES
(1, 'Bắp rang bơ', 'Bắp', '/images/bap-lon.jpg', 1, '2025-10-30 08:37:01', '2025-10-30 08:37:01'),
(2, 'Pepsi', 'Nước', '/images/pepsi.jpg', 1, '2025-10-30 08:37:01', '2025-10-30 08:37:01'),
(3, 'Khoai tây chiên', 'Snack', '/images/khoai.jpg', 1, '2025-10-30 08:37:01', '2025-10-30 08:37:01');

-- --------------------------------------------------------

--
-- Cấu trúc bảng cho bảng `nguoi_dung`
--

CREATE TABLE `nguoi_dung` (
  `id` int NOT NULL,
  `ho_ten` varchar(100) NOT NULL,
  `email` varchar(100) NOT NULL,
  `mat_khau` varchar(255) NOT NULL,
  `ngay_sinh` date DEFAULT NULL,
  `gioi_tinh` tinyint(1) DEFAULT NULL,
  `sdt` varchar(20) DEFAULT NULL,
  `dia_chi` text,
  `hinh_anh` varchar(255) DEFAULT NULL,
  `id_vai_tro` int DEFAULT NULL,
  `trang_thai` tinyint(1) DEFAULT '1',
  `created_at` timestamp NULL DEFAULT CURRENT_TIMESTAMP,
  `deleted_at` timestamp NULL DEFAULT NULL
) ENGINE=InnoDB DEFAULT CHARSET=utf8mb4 COLLATE=utf8mb4_0900_ai_ci;

--
-- Đang đổ dữ liệu cho bảng `nguoi_dung`
--

INSERT INTO `nguoi_dung` (`id`, `ho_ten`, `email`, `mat_khau`, `ngay_sinh`, `gioi_tinh`, `sdt`, `dia_chi`, `hinh_anh`, `id_vai_tro`, `trang_thai`, `created_at`, `deleted_at`) VALUES
(1, 'Admin', 'admin@example.com', '$2y$12$CuiECosQUFsjJiALG/crsuWDptAwuCET9oK0r0fsoVZKVyDoqKuQK', NULL, NULL, NULL, NULL, NULL, 1, 1, '2025-10-09 06:05:41', NULL),
(2, 'Staff', 'staff@example.com', '$2y$12$1yt6slsE6i32Cq5215Pvp.V3QKoPBVtNpu9tbvpHt813xLE0HSJ6q', NULL, NULL, NULL, NULL, NULL, 2, 1, '2025-10-09 06:05:41', NULL),
(3, 'Nam', 'user@example.com', '$2y$12$suM7TUTbcvpvTnOIHun9I.M87g/mIJp1wpk5G5iNSsST.AzRbkV86', NULL, NULL, NULL, NULL, NULL, 3, 1, '2025-10-29 21:32:17', NULL);

-- --------------------------------------------------------

--
-- Cấu trúc bảng cho bảng `password_reset_tokens`
--

CREATE TABLE `password_reset_tokens` (
  `email` varchar(255) CHARACTER SET utf8mb4 COLLATE utf8mb4_0900_ai_ci NOT NULL,
  `token` varchar(255) CHARACTER SET utf8mb4 COLLATE utf8mb4_0900_ai_ci NOT NULL,
  `created_at` timestamp NULL DEFAULT NULL
) ENGINE=InnoDB DEFAULT CHARSET=utf8mb4 COLLATE=utf8mb4_0900_ai_ci;

-- --------------------------------------------------------

--
-- Cấu trúc bảng cho bảng `phim`
--

CREATE TABLE `phim` (
  `id` int NOT NULL,
  `ten_phim` varchar(255) NOT NULL,
  `ten_goc` varchar(255) DEFAULT NULL,
  `poster` varchar(255) DEFAULT NULL,
  `trailer` varchar(255) DEFAULT NULL,
  `dao_dien` varchar(100) DEFAULT NULL,
  `dien_vien` text,
  `the_loai` varchar(255) DEFAULT NULL,
  `quoc_gia` varchar(100) DEFAULT NULL,
  `ngon_ngu` varchar(100) DEFAULT NULL,
  `do_tuoi` varchar(10) DEFAULT NULL,
  `do_dai` int DEFAULT NULL,
  `ngay_khoi_chieu` date DEFAULT NULL,
  `ngay_ket_thuc` date DEFAULT NULL,
  `mo_ta` text,
  `diem_danh_gia` decimal(3,1) DEFAULT NULL,
  `so_luot_danh_gia` int DEFAULT '0',
  `trang_thai` enum('sap_chieu','dang_chieu','ngung_chieu') DEFAULT 'sap_chieu',
  `id_phong` int DEFAULT NULL,
  `created_at` timestamp NULL DEFAULT CURRENT_TIMESTAMP,
  `updated_at` timestamp NULL DEFAULT CURRENT_TIMESTAMP ON UPDATE CURRENT_TIMESTAMP,
  `deleted_at` timestamp NULL DEFAULT NULL
) ENGINE=InnoDB DEFAULT CHARSET=utf8mb4 COLLATE=utf8mb4_0900_ai_ci;

--
-- Đang đổ dữ liệu cho bảng `phim`
--

INSERT INTO `phim` (`id`, `ten_phim`, `ten_goc`, `poster`, `trailer`, `dao_dien`, `dien_vien`, `the_loai`, `quoc_gia`, `ngon_ngu`, `do_tuoi`, `do_dai`, `ngay_khoi_chieu`, `ngay_ket_thuc`, `mo_ta`, `diem_danh_gia`, `so_luot_danh_gia`, `trang_thai`, `id_phong`, `created_at`, `updated_at`, `deleted_at`) VALUES
(1, 'Demo Movie', 'Avengers: Endgame', 'posters/1761396448_cr3.jpg', 'https://www.youtube.com/watch?v=TcMBFSGVi1c', 'Anthony Russo, Joe Russo', 'Robert Downey Jr., Chris Evans, Mark Ruffalo, Chris Hemsworth, Scarlett Johansson', 'Siêu anh hùng, Hành động, Khoa học viễn tưởng', 'Mỹ', 'English', 'C13', 120, '2019-04-26', '2019-08-30', 'Sau sự kiện tàn phá của Avengers: Infinity War, vũ trụ đang trong tình trạng đổ nát. Với sự giúp đỡ của các đồng minh còn lại, Avengers tập hợp lại một lần nữa để đảo ngược hành động của Thanos và khôi phục lại trật tự cho vũ trụ.', 8.4, 1250000, 'dang_chieu', NULL, '2025-10-22 19:56:50', '2025-10-30 00:45:10', NULL),
(2, 'Spider-Man: No Way Home', 'Spider-Man: No Way Home', NULL, 'https://www.youtube.com/watch?v=JfVOs4VSpmA', 'Jon Watts', 'Tom Holland, Zendaya, Benedict Cumberbatch, Jacob Batalon', 'Siêu anh hùng, Hành động, Khoa học viễn tưởng', 'Mỹ', 'English', 'C13', 148, '2021-12-17', '2022-03-15', 'Với danh tính của Spider-Man đã bị tiết lộ, Peter Parker yêu cầu Doctor Strange giúp đỡ. Khi một phép thuật đi sai, Peter phải khám phá ý nghĩa thực sự của việc là Spider-Man.', 8.2, 980000, 'ngung_chieu', NULL, '2025-10-22 19:56:50', '2025-10-22 19:56:50', NULL),
(3, 'Top Gun: Maverick', 'Top Gun: Maverick', NULL, 'https://www.youtube.com/watch?v=qSqVVswa420', 'Joseph Kosinski', 'Tom Cruise, Miles Teller, Jennifer Connelly, Jon Hamm', 'Hành động, Chính kịch', 'Mỹ', 'English', 'C13', 131, '2022-05-27', '2022-09-15', 'Sau hơn ba mươi năm phục vụ như một trong những phi công hàng đầu của Hải quân, Pete \"Maverick\" Mitchell vẫn ở đúng nơi anh thuộc về, đẩy ranh giới như một phi công thử nghiệm dũng cảm.', 8.3, 750000, 'ngung_chieu', NULL, '2025-10-22 19:56:50', '2025-10-22 19:56:50', NULL),
(4, 'The Batman', 'The Batman', NULL, 'https://www.youtube.com/watch?v=mqqft2x_Aa4', 'Matt Reeves', 'Robert Pattinson, Zoë Kravitz, Paul Dano, Jeffrey Wright', 'Tội phạm, Bí ẩn, Hành động', 'Mỹ', 'English', 'C16', 176, '2022-03-04', '2022-06-15', 'Khi một kẻ giết người nhắm vào giới thượng lưu của Gotham với một loạt các âm mưu tàn bạo, Batman phải điều tra lịch sử đen tối của thành phố và tự hỏi liệu gia đình mình có liên quan gì đến tất cả.', 7.8, 650000, 'ngung_chieu', NULL, '2025-10-22 19:56:50', '2025-10-22 19:56:50', NULL),
(5, 'Black Widow', 'Black Widow', NULL, 'https://www.youtube.com/watch?v=ybji16u608U', 'Cate Shortland', 'Scarlett Johansson, Florence Pugh, David Harbour, Rachel Weisz', 'Siêu anh hùng, Hành động, Gián điệp', 'Mỹ', 'English', 'C13', 134, '2021-07-09', '2021-10-15', 'Natasha Romanoff, còn được gọi là Black Widow, phải đối mặt với những phần đen tối nhất trong hồ sơ của cô khi một âm mưu nguy hiểm liên quan đến quá khứ của cô nổi lên.', 6.7, 420000, 'ngung_chieu', NULL, '2025-10-22 19:56:50', '2025-10-29 14:12:49', '2025-10-29 14:12:49'),
(6, 'Dune', 'Dune', NULL, 'https://www.youtube.com/watch?v=n9xhJrPXop4', 'Denis Villeneuve', 'Timothée Chalamet, Rebecca Ferguson, Oscar Isaac, Josh Brolin', 'Khoa học viễn tưởng, Phiêu lưu, Chính kịch', 'Mỹ', 'English', 'C13', 155, '2021-10-22', '2022-01-15', 'Paul Atreides, một thiếu niên tài năng và tài năng, phải đi đến hành tinh nguy hiểm nhất trong vũ trụ để đảm bảo tương lai của gia đình và người dân của anh.', 8.0, 580000, 'ngung_chieu', NULL, '2025-10-22 19:56:50', '2025-10-22 19:56:50', NULL),
(7, 'No Time to Die', 'No Time to Die', NULL, 'https://www.youtube.com/watch?v=BIhNsAtPbPI', 'Cary Joji Fukunaga', 'Daniel Craig, Ana de Armas, Rami Malek, Léa Seydoux', 'Hành động, Gián điệp, Phiêu lưu', 'Anh', 'English', 'C13', 163, '2021-10-08', '2022-01-20', 'James Bond đã rời khỏi hoạt động và đang tận hưởng cuộc sống yên bình ở Jamaica. Nhưng sự yên bình của anh không kéo dài lâu khi Felix Leiter, bạn cũ của CIA, xuất hiện để yêu cầu sự giúp đỡ.', 7.3, 380000, 'ngung_chieu', NULL, '2025-10-22 19:56:50', '2025-10-22 19:56:50', NULL),
(8, 'Fast & Furious 9', 'F9', NULL, 'https://www.youtube.com/watch?v=aSiDu3Ywi8E', 'Justin Lin', 'Vin Diesel, Michelle Rodriguez, Tyrese Gibson, Ludacris', 'Hành động, Tội phạm, Phiêu lưu', 'Mỹ', 'English', 'C13', 143, '2021-06-25', '2021-09-15', 'Dom Toretto đang sống cuộc sống yên bình với Letty và con trai nhỏ Brian, nhưng họ biết rằng nguy hiểm luôn rình rập bên cạnh. Lần này, mối đe dọa sẽ buộc Dom phải đối mặt với những sai lầm trong quá khứ.', 5.2, 280000, 'ngung_chieu', NULL, '2025-10-22 19:56:50', '2025-10-22 19:56:50', NULL),
(9, 'Shang-Chi and the Legend of the Ten Rings', 'Shang-Chi and the Legend of the Ten Rings', NULL, 'https://www.youtube.com/watch?v=8YjFbMbfXaQ', 'Destin Daniel Cretton', 'Simu Liu, Awkwafina, Tony Leung, Michelle Yeoh', 'Siêu anh hùng, Hành động, Phiêu lưu', 'Mỹ', 'English', 'C13', 132, '2021-09-03', '2021-12-15', 'Shang-Chi phải đối mặt với quá khứ mà anh đã cố gắng để lại phía sau khi anh bị lôi kéo vào mạng lưới của tổ chức Ten Rings bí ẩn.', 7.4, 450000, 'ngung_chieu', NULL, '2025-10-22 19:56:50', '2025-10-22 19:56:50', NULL),
(10, 'Eternals', 'Eternals', NULL, 'https://www.youtube.com/watch?v=x_me3xsvDgk', 'Chloé Zhao', 'Gemma Chan, Richard Madden, Angelina Jolie, Salma Hayek', 'Siêu anh hùng, Khoa học viễn tưởng, Hành động', 'Mỹ', 'English', 'C13', 157, '2021-11-05', '2022-02-15', 'Sau sự kiện của Avengers: Endgame, một sự kiện bất ngờ buộc các Eternals phải ra khỏi bóng tối để tái hợp chống lại kẻ thù cổ xưa nhất của loài người: Deviants.', 6.3, 320000, 'ngung_chieu', NULL, '2025-10-22 19:56:50', '2025-10-22 19:56:50', NULL),
(11, 'Avatar: The Way of Water', 'Avatar: The Way of Water', NULL, 'https://www.youtube.com/watch?v=d9MyW72ELq0', 'James Cameron', 'Sam Worthington, Zoe Saldana, Sigourney Weaver, Stephen Lang', 'Khoa học viễn tưởng, Phiêu lưu, Hành động', 'Mỹ', 'English', 'C13', 192, '2022-12-16', '2023-03-15', 'Jake Sully và gia đình của anh đang khám phá các vùng biển của Pandora, gặp gỡ các sinh vật biển mới và khám phá những bí mật của đại dương.', 7.8, 680000, 'dang_chieu', NULL, '2025-10-22 19:56:50', '2025-10-22 19:56:50', NULL),
(12, 'Black Panther: Wakanda Forever', 'Black Panther: Wakanda Forever', NULL, 'https://www.youtube.com/watch?v=_Z3QKkl1WyM', 'Ryan Coogler', 'Letitia Wright, Lupita Nyong\'o, Danai Gurira, Winston Duke', 'Siêu anh hùng, Hành động, Khoa học viễn tưởng', 'Mỹ', 'English', 'C13', 161, '2022-11-11', '2023-02-15', 'Sau cái chết của Vua T\'Challa, Wakanda phải đối mặt với những thách thức mới khi các quốc gia khác tìm cách khai thác vibranium.', 6.7, 420000, 'dang_chieu', NULL, '2025-10-22 19:56:50', '2025-10-22 19:56:50', NULL),
(13, 'Ant-Man and the Wasp: Quantumania', 'Ant-Man and the Wasp: Quantumania', NULL, 'https://www.youtube.com/watch?v=ZlNFpri-Y40', 'Peyton Reed', 'Paul Rudd, Evangeline Lilly, Jonathan Majors, Michelle Pfeiffer', 'Siêu anh hùng, Hành động, Khoa học viễn tưởng', 'Mỹ', 'English', 'C13', 125, '2023-02-17', NULL, 'Scott Lang và Hope van Dyne trở lại với một cuộc phiêu lưu mới trong Vương quốc Lượng tử, nơi họ gặp gỡ Kang the Conqueror.', 0.0, 0, 'sap_chieu', NULL, '2025-10-22 19:56:50', '2025-10-22 19:56:50', NULL),
(14, 'Guardians of the Galaxy Vol. 3', 'Guardians of the Galaxy Vol. 3', NULL, 'https://www.youtube.com/watch?v=u3V5KDHRQvk', 'James Gunn', 'Chris Pratt, Zoe Saldana, Dave Bautista, Bradley Cooper', 'Siêu anh hùng, Hành động, Khoa học viễn tưởng', 'Mỹ', 'English', 'C13', 150, '2023-05-05', NULL, 'Cuộc phiêu lưu cuối cùng của Guardians of the Galaxy khi họ phải bảo vệ vũ trụ khỏi mối đe dọa mới.', 0.0, 0, 'sap_chieu', NULL, '2025-10-22 19:56:50', '2025-10-22 19:56:50', NULL),
(15, 'Bố Già', 'Bố Già', NULL, 'https://www.youtube.com/watch?v=1jkw2JPCl18', 'Trấn Thành', 'Trấn Thành, Tuấn Trần, Lan Ngọc, Lê Giang', 'Hài hước, Gia đình, Chính kịch', 'Việt Nam', 'Tiếng Việt', 'P', 128, '2021-04-16', '2021-07-15', 'Câu chuyện về một ông bố già và những đứa con trong gia đình, với những tình huống hài hước và cảm động.', 8.5, 1200000, 'ngung_chieu', NULL, '2025-10-22 19:56:50', '2025-10-22 19:56:50', NULL),
(16, 'Mai', 'Mai', NULL, 'https://www.youtube.com/watch?v=example', 'Tran Thanh', 'Phương Anh Đào, Tuấn Trần, Kiều Minh Tuấn', 'Tình cảm, Chính kịch', 'Việt Nam', 'Tiếng Việt', 'C13', 135, '2022-02-10', '2022-05-15', 'Câu chuyện về Mai, một cô gái trẻ với những ước mơ và khát vọng trong cuộc sống hiện đại.', 7.2, 380000, 'ngung_chieu', NULL, '2025-10-22 19:56:50', '2025-10-22 19:56:50', NULL),
(17, 'Avengers: Endgame', 'Avengers: Endgame', 'posters/1761397668_cr4.jpg', 'https://www.youtube.com/watch?v=TcMBFSGVi1c', 'Anthony Russo, Joe Russo', 'hanh, me', 'Siêu anh hùng, Hành động, Khoa học viễn tưởng', 'Mỹ', 'English', NULL, 181, '2019-04-26', '2019-08-30', 'phim hay mới lạ', 0.0, 0, 'sap_chieu', NULL, '2025-10-25 06:07:30', '2025-10-25 06:07:49', NULL),
(18, 'Avengers: Endgame', 'Avengers: Endgame', 'posters/1761397701_cr4.jpg', 'https://www.youtube.com/watch?v=TcMBFSGVi1c', 'Anthony Russo, Joe Russo', 'it me , happyy', 'Siêu anh hùng, Hành động, Khoa học viễn tưởng', 'Mỹ', 'English', NULL, 181, '2019-04-26', '2019-08-30', 'pjim cũ nhưng mới', 0.0, 0, 'ngung_chieu', NULL, '2025-10-25 06:08:21', '2025-10-29 15:59:36', '2025-10-29 15:59:36'),
(19, 'Hành Tinh Bí Ẩn', NULL, 'https://image.tmdb.org/t/p/w342/2CAL2433ZeIihfX1Hb2139CX0pW.jpg', 'https://www.youtube.com/watch?v=example1', 'Christopher Nolan', 'Matthew McConaughey, Anne Hathaway, Jessica Chastain, Michael Caine', NULL, NULL, NULL, NULL, 128, NULL, NULL, 'Cuộc phiêu lưu vũ trụ đầy kịch tính với những hiệu ứng hình ảnh tuyệt đẹp và cốt truyện hấp dẫn. Một nhóm phi hành gia dũng cảm khám phá những bí mật của vũ trụ và tìm kiếm hành tinh mới cho nhân loại.', NULL, 0, 'sap_chieu', NULL, '2025-10-29 16:16:29', '2025-10-29 16:16:29', NULL),
(20, 'Săn Lùng Siêu Trộm', NULL, 'https://image.tmdb.org/t/p/w342/62HCnUTziyWcpDaBO2i1DX17ljH.jpg', 'https://www.youtube.com/watch?v=example2', 'Michael Mann', 'Tom Cruise, Jamie Foxx, Jada Pinkett Smith, Mark Ruffalo', NULL, NULL, NULL, NULL, 115, NULL, NULL, 'Cuộc truy đuổi gay cấn giữa cảnh sát và tên trộm thông minh nhất thế giới. Một tài xế taxi bình thường bị cuốn vào cuộc phiêu lưu đầy nguy hiểm.', NULL, 0, 'sap_chieu', NULL, '2025-10-29 16:16:29', '2025-10-29 16:16:29', NULL),
(21, 'Vùng Đất Linh Hồn', NULL, 'https://image.tmdb.org/t/p/w342/e1mjopzAS2KNsvpbpahQ1a6SkSn.jpg', 'https://www.youtube.com/watch?v=example3', 'Guillermo del Toro', 'Sally Hawkins, Michael Shannon, Richard Jenkins, Octavia Spencer', NULL, NULL, NULL, NULL, 102, NULL, NULL, 'Hành trình khám phá thế giới tâm linh đầy bí ẩn và kỳ diệu. Một câu chuyện về tình yêu vượt qua ranh giới giữa hai thế giới.', NULL, 0, 'sap_chieu', NULL, '2025-10-29 16:16:29', '2025-10-29 16:16:29', NULL),
(22, 'Cuộc Chiến Vũ Trụ', NULL, 'https://image.tmdb.org/t/p/w342/8Gxv8gSFCU0XGDykEGv7zR1n2ua.jpg', 'https://www.youtube.com/watch?v=example4', 'Joss Whedon', 'Robert Downey Jr., Chris Evans, Mark Ruffalo, Chris Hemsworth', NULL, NULL, NULL, NULL, 142, NULL, NULL, 'Trận chiến vũ trụ hoành tráng giữa các thế lực thiện và ác. Những siêu anh hùng đoàn kết để bảo vệ Trái Đất khỏi mối đe dọa từ vũ trụ.', NULL, 0, 'sap_chieu', NULL, '2025-10-29 16:16:29', '2025-10-29 16:16:29', NULL),
(23, 'Bí Mật Thời Gian', NULL, 'https://image.tmdb.org/t/p/w342/9gk7adHYeDvHkCSEqAvQNLV5Uge.jpg', 'https://www.youtube.com/watch?v=example5', 'Christopher Nolan', 'Leonardo DiCaprio, Marion Cotillard, Tom Hardy, Cillian Murphy', NULL, NULL, NULL, NULL, 118, NULL, NULL, 'Câu chuyện về du hành thời gian và những hậu quả không lường trước. Một nhà khoa học phát minh ra cỗ máy thời gian và khám phá những bí mật của vũ trụ.', NULL, 0, 'sap_chieu', NULL, '2025-10-29 16:16:29', '2025-10-29 16:16:29', NULL),
(24, 'Hành Trình Tình Yêu', NULL, 'https://image.tmdb.org/t/p/w342/6XYLiMxHAaCsoyrVo38LBWMw2p8.jpg', 'https://www.youtube.com/watch?v=example6', 'Richard Linklater', 'Ethan Hawke, Julie Delpy, Andrea Eckert, Hanno Pöschl', NULL, NULL, NULL, NULL, 95, NULL, NULL, 'Câu chuyện tình yêu cảm động vượt qua mọi khó khăn của cuộc sống. Một cặp đôi trẻ gặp nhau trên chuyến tàu và trải qua 24 giờ đáng nhớ ở Vienna.', NULL, 0, 'sap_chieu', NULL, '2025-10-29 16:16:29', '2025-10-29 16:16:29', NULL),
(25, 'Ma Trận Hành Động', NULL, 'https://image.tmdb.org/t/p/w342/f89q3lefM2kSVVBDowNwQxIC7D9.jpg', 'https://www.youtube.com/watch?v=example7', 'Lana Wachowski, Lilly Wachowski', 'Keanu Reeves, Laurence Fishburne, Carrie-Anne Moss, Hugo Weaving', NULL, NULL, NULL, NULL, 136, NULL, NULL, 'Cuộc chiến giữa con người và máy móc trong thế giới ảo. Neo phải học cách sử dụng sức mạnh của mình để cứu nhân loại.', NULL, 0, 'sap_chieu', NULL, '2025-10-29 16:16:29', '2025-10-29 16:16:29', NULL),
(26, 'Cuộc Sống Tuyệt Vời', NULL, 'https://image.tmdb.org/t/p/w342/4u1vptE8aXuzEIAgH8Y8O7v6NLD.jpg', 'https://www.youtube.com/watch?v=example8', 'Frank Capra', 'James Stewart, Donna Reed, Lionel Barrymore, Thomas Mitchell', NULL, NULL, NULL, NULL, 130, NULL, NULL, 'Câu chuyện về một người đàn ông muốn tự tử nhưng được một thiên thần cứu giúp. Anh ta được cho thấy cuộc sống sẽ như thế nào nếu anh ta chưa từng tồn tại.', NULL, 0, 'sap_chieu', NULL, '2025-10-29 16:16:29', '2025-10-29 16:16:29', NULL),
(27, 'Vua Sư Tử', NULL, 'https://image.tmdb.org/t/p/w342/sKCr78MXSLixwmZ8DyJLrpMsd15.jpg', 'https://www.youtube.com/watch?v=example9', 'Roger Allers, Rob Minkoff', 'Matthew Broderick, James Earl Jones, Jeremy Irons, Nathan Lane', NULL, NULL, NULL, NULL, 88, NULL, NULL, 'Câu chuyện về chú sư tử con Simba học cách trở thành vua. Một bộ phim hoạt hình kinh điển với âm nhạc tuyệt vời.', NULL, 0, 'sap_chieu', NULL, '2025-10-29 16:16:29', '2025-10-29 16:16:29', NULL),
(28, 'Titanic', NULL, 'https://image.tmdb.org/t/p/w342/9xjZS2rlVxm8SFx8kPC3aIGCOYQ.jpg', 'https://www.youtube.com/watch?v=example10', 'James Cameron', 'Leonardo DiCaprio, Kate Winslet, Billy Zane, Kathy Bates', NULL, NULL, NULL, NULL, 194, NULL, NULL, 'Câu chuyện tình yêu cảm động giữa Jack và Rose trên con tàu Titanic huyền thoại. Một tác phẩm điện ảnh kinh điển với hiệu ứng đặc biệt tuyệt vời.', NULL, 0, 'sap_chieu', NULL, '2025-10-29 16:16:29', '2025-10-29 16:16:29', NULL),
(29, 'Forrest Gump', NULL, 'https://image.tmdb.org/t/p/w342/arw2vcBveWOVZr6pxd9XTd1TdQa.jpg', 'https://www.youtube.com/watch?v=example11', 'Robert Zemeckis', 'Tom Hanks, Robin Wright, Gary Sinise, Sally Field', NULL, NULL, NULL, NULL, 142, NULL, NULL, 'Câu chuyện về cuộc đời của Forrest Gump, một người đàn ông có IQ thấp nhưng có trái tim vàng. Anh ta đã chứng kiến và tham gia vào nhiều sự kiện lịch sử quan trọng của nước Mỹ.', NULL, 0, 'sap_chieu', NULL, '2025-10-29 16:16:29', '2025-10-29 16:16:29', NULL),
(30, 'Pulp Fiction', NULL, 'https://image.tmdb.org/t/p/w342/d5iIlFn5s0ImszYzBPb8JPIfbXD.jpg', 'https://www.youtube.com/watch?v=example12', 'Quentin Tarantino', 'John Travolta, Samuel L. Jackson, Uma Thurman, Bruce Willis', NULL, NULL, NULL, NULL, 154, NULL, NULL, 'Một bộ phim tội phạm với cốt truyện phi tuyến tính, kể về cuộc sống của những tên tội phạm ở Los Angeles. Một kiệt tác của điện ảnh thế giới.', NULL, 0, 'sap_chieu', NULL, '2025-10-29 16:16:29', '2025-10-29 16:16:29', NULL),
(31, 'Hành Tinh Bí Ẩn', NULL, 'https://image.tmdb.org/t/p/w342/2CAL2433ZeIihfX1Hb2139CX0pW.jpg', 'https://www.youtube.com/watch?v=example1', 'Christopher Nolan', 'Matthew McConaughey, Anne Hathaway, Jessica Chastain, Michael Caine', NULL, NULL, NULL, NULL, 128, NULL, NULL, 'Cuộc phiêu lưu vũ trụ đầy kịch tính với những hiệu ứng hình ảnh tuyệt đẹp và cốt truyện hấp dẫn. Một nhóm phi hành gia dũng cảm khám phá những bí mật của vũ trụ và tìm kiếm hành tinh mới cho nhân loại.', NULL, 0, 'sap_chieu', NULL, '2025-10-29 16:20:36', '2025-10-29 16:20:36', NULL),
(32, 'Săn Lùng Siêu Trộm', NULL, 'https://image.tmdb.org/t/p/w342/62HCnUTziyWcpDaBO2i1DX17ljH.jpg', 'https://www.youtube.com/watch?v=example2', 'Michael Mann', 'Tom Cruise, Jamie Foxx, Jada Pinkett Smith, Mark Ruffalo', NULL, NULL, NULL, NULL, 115, NULL, NULL, 'Cuộc truy đuổi gay cấn giữa cảnh sát và tên trộm thông minh nhất thế giới. Một tài xế taxi bình thường bị cuốn vào cuộc phiêu lưu đầy nguy hiểm.', NULL, 0, 'sap_chieu', NULL, '2025-10-29 16:20:36', '2025-10-29 16:20:36', NULL),
(33, 'Vùng Đất Linh Hồn', NULL, 'https://image.tmdb.org/t/p/w342/e1mjopzAS2KNsvpbpahQ1a6SkSn.jpg', 'https://www.youtube.com/watch?v=example3', 'Guillermo del Toro', 'Sally Hawkins, Michael Shannon, Richard Jenkins, Octavia Spencer', NULL, NULL, NULL, NULL, 102, NULL, NULL, 'Hành trình khám phá thế giới tâm linh đầy bí ẩn và kỳ diệu. Một câu chuyện về tình yêu vượt qua ranh giới giữa hai thế giới.', NULL, 0, 'sap_chieu', NULL, '2025-10-29 16:20:36', '2025-10-29 16:20:36', NULL),
(34, 'Cuộc Chiến Vũ Trụ', NULL, 'https://image.tmdb.org/t/p/w342/8Gxv8gSFCU0XGDykEGv7zR1n2ua.jpg', 'https://www.youtube.com/watch?v=example4', 'Joss Whedon', 'Robert Downey Jr., Chris Evans, Mark Ruffalo, Chris Hemsworth', NULL, NULL, NULL, NULL, 142, NULL, NULL, 'Trận chiến vũ trụ hoành tráng giữa các thế lực thiện và ác. Những siêu anh hùng đoàn kết để bảo vệ Trái Đất khỏi mối đe dọa từ vũ trụ.', NULL, 0, 'sap_chieu', NULL, '2025-10-29 16:20:36', '2025-10-29 16:20:36', NULL),
(35, 'Bí Mật Thời Gian', NULL, 'https://image.tmdb.org/t/p/w342/9gk7adHYeDvHkCSEqAvQNLV5Uge.jpg', 'https://www.youtube.com/watch?v=example5', 'Christopher Nolan', 'Leonardo DiCaprio, Marion Cotillard, Tom Hardy, Cillian Murphy', NULL, NULL, NULL, NULL, 118, NULL, NULL, 'Câu chuyện về du hành thời gian và những hậu quả không lường trước. Một nhà khoa học phát minh ra cỗ máy thời gian và khám phá những bí mật của vũ trụ.', NULL, 0, 'sap_chieu', NULL, '2025-10-29 16:20:36', '2025-10-29 16:20:36', NULL),
(36, 'Hành Trình Tình Yêu', NULL, 'https://image.tmdb.org/t/p/w342/6XYLiMxHAaCsoyrVo38LBWMw2p8.jpg', 'https://www.youtube.com/watch?v=example6', 'Richard Linklater', 'Ethan Hawke, Julie Delpy, Andrea Eckert, Hanno Pöschl', NULL, NULL, NULL, NULL, 95, NULL, NULL, 'Câu chuyện tình yêu cảm động vượt qua mọi khó khăn của cuộc sống. Một cặp đôi trẻ gặp nhau trên chuyến tàu và trải qua 24 giờ đáng nhớ ở Vienna.', NULL, 0, 'sap_chieu', NULL, '2025-10-29 16:20:36', '2025-10-29 16:20:36', NULL),
(37, 'Ma Trận Hành Động', NULL, 'https://image.tmdb.org/t/p/w342/f89q3lefM2kSVVBDowNwQxIC7D9.jpg', 'https://www.youtube.com/watch?v=example7', 'Lana Wachowski, Lilly Wachowski', 'Keanu Reeves, Laurence Fishburne, Carrie-Anne Moss, Hugo Weaving', NULL, NULL, NULL, NULL, 136, NULL, NULL, 'Cuộc chiến giữa con người và máy móc trong thế giới ảo. Neo phải học cách sử dụng sức mạnh của mình để cứu nhân loại.', NULL, 0, 'sap_chieu', NULL, '2025-10-29 16:20:36', '2025-10-29 16:20:36', NULL),
(38, 'Cuộc Sống Tuyệt Vời', NULL, 'https://image.tmdb.org/t/p/w342/4u1vptE8aXuzEIAgH8Y8O7v6NLD.jpg', 'https://www.youtube.com/watch?v=example8', 'Frank Capra', 'James Stewart, Donna Reed, Lionel Barrymore, Thomas Mitchell', NULL, NULL, NULL, NULL, 130, NULL, NULL, 'Câu chuyện về một người đàn ông muốn tự tử nhưng được một thiên thần cứu giúp. Anh ta được cho thấy cuộc sống sẽ như thế nào nếu anh ta chưa từng tồn tại.', NULL, 0, 'sap_chieu', NULL, '2025-10-29 16:20:36', '2025-10-29 16:20:36', NULL),
(39, 'Vua Sư Tử', NULL, 'https://image.tmdb.org/t/p/w342/sKCr78MXSLixwmZ8DyJLrpMsd15.jpg', 'https://www.youtube.com/watch?v=example9', 'Roger Allers, Rob Minkoff', 'Matthew Broderick, James Earl Jones, Jeremy Irons, Nathan Lane', NULL, NULL, NULL, NULL, 88, NULL, NULL, 'Câu chuyện về chú sư tử con Simba học cách trở thành vua. Một bộ phim hoạt hình kinh điển với âm nhạc tuyệt vời.', NULL, 0, 'sap_chieu', NULL, '2025-10-29 16:20:36', '2025-10-29 16:20:36', NULL),
(40, 'Titanic', NULL, 'https://image.tmdb.org/t/p/w342/9xjZS2rlVxm8SFx8kPC3aIGCOYQ.jpg', 'https://www.youtube.com/watch?v=example10', 'James Cameron', 'Leonardo DiCaprio, Kate Winslet, Billy Zane, Kathy Bates', NULL, NULL, NULL, NULL, 194, NULL, NULL, 'Câu chuyện tình yêu cảm động giữa Jack và Rose trên con tàu Titanic huyền thoại. Một tác phẩm điện ảnh kinh điển với hiệu ứng đặc biệt tuyệt vời.', NULL, 0, 'sap_chieu', NULL, '2025-10-29 16:20:36', '2025-10-29 16:20:36', NULL),
(41, 'Forrest Gump', NULL, 'https://image.tmdb.org/t/p/w342/arw2vcBveWOVZr6pxd9XTd1TdQa.jpg', 'https://www.youtube.com/watch?v=example11', 'Robert Zemeckis', 'Tom Hanks, Robin Wright, Gary Sinise, Sally Field', NULL, NULL, NULL, NULL, 142, NULL, NULL, 'Câu chuyện về cuộc đời của Forrest Gump, một người đàn ông có IQ thấp nhưng có trái tim vàng. Anh ta đã chứng kiến và tham gia vào nhiều sự kiện lịch sử quan trọng của nước Mỹ.', NULL, 0, 'sap_chieu', NULL, '2025-10-29 16:20:36', '2025-10-29 16:20:36', NULL),
(42, 'Pulp Fiction', NULL, 'https://image.tmdb.org/t/p/w342/d5iIlFn5s0ImszYzBPb8JPIfbXD.jpg', 'https://www.youtube.com/watch?v=example12', 'Quentin Tarantino', 'John Travolta, Samuel L. Jackson, Uma Thurman, Bruce Willis', NULL, NULL, NULL, NULL, 154, NULL, NULL, 'Một bộ phim tội phạm với cốt truyện phi tuyến tính, kể về cuộc sống của những tên tội phạm ở Los Angeles. Một kiệt tác của điện ảnh thế giới.', NULL, 0, 'sap_chieu', NULL, '2025-10-29 16:20:36', '2025-10-29 16:20:36', NULL),
(43, 'Hành Tinh Bí Ẩn', NULL, 'https://image.tmdb.org/t/p/w342/2CAL2433ZeIihfX1Hb2139CX0pW.jpg', 'https://www.youtube.com/watch?v=example1', 'Christopher Nolan', 'Matthew McConaughey, Anne Hathaway, Jessica Chastain, Michael Caine', NULL, NULL, NULL, NULL, 128, NULL, NULL, 'Cuộc phiêu lưu vũ trụ đầy kịch tính với những hiệu ứng hình ảnh tuyệt đẹp và cốt truyện hấp dẫn. Một nhóm phi hành gia dũng cảm khám phá những bí mật của vũ trụ và tìm kiếm hành tinh mới cho nhân loại.', NULL, 0, 'sap_chieu', NULL, '2025-10-29 16:21:38', '2025-10-29 16:21:38', NULL),
(44, 'Săn Lùng Siêu Trộm', NULL, 'https://image.tmdb.org/t/p/w342/62HCnUTziyWcpDaBO2i1DX17ljH.jpg', 'https://www.youtube.com/watch?v=example2', 'Michael Mann', 'Tom Cruise, Jamie Foxx, Jada Pinkett Smith, Mark Ruffalo', NULL, NULL, NULL, NULL, 115, NULL, NULL, 'Cuộc truy đuổi gay cấn giữa cảnh sát và tên trộm thông minh nhất thế giới. Một tài xế taxi bình thường bị cuốn vào cuộc phiêu lưu đầy nguy hiểm.', NULL, 0, 'sap_chieu', NULL, '2025-10-29 16:21:38', '2025-10-29 16:21:38', NULL),
(45, 'Vùng Đất Linh Hồn', NULL, 'https://image.tmdb.org/t/p/w342/e1mjopzAS2KNsvpbpahQ1a6SkSn.jpg', 'https://www.youtube.com/watch?v=example3', 'Guillermo del Toro', 'Sally Hawkins, Michael Shannon, Richard Jenkins, Octavia Spencer', NULL, NULL, NULL, NULL, 102, NULL, NULL, 'Hành trình khám phá thế giới tâm linh đầy bí ẩn và kỳ diệu. Một câu chuyện về tình yêu vượt qua ranh giới giữa hai thế giới.', NULL, 0, 'sap_chieu', NULL, '2025-10-29 16:21:38', '2025-10-29 16:21:38', NULL),
(46, 'Cuộc Chiến Vũ Trụ', NULL, 'https://image.tmdb.org/t/p/w342/8Gxv8gSFCU0XGDykEGv7zR1n2ua.jpg', 'https://www.youtube.com/watch?v=example4', 'Joss Whedon', 'Robert Downey Jr., Chris Evans, Mark Ruffalo, Chris Hemsworth', NULL, NULL, NULL, NULL, 142, NULL, NULL, 'Trận chiến vũ trụ hoành tráng giữa các thế lực thiện và ác. Những siêu anh hùng đoàn kết để bảo vệ Trái Đất khỏi mối đe dọa từ vũ trụ.', NULL, 0, 'sap_chieu', NULL, '2025-10-29 16:21:38', '2025-10-29 16:21:38', NULL),
(47, 'Bí Mật Thời Gian', NULL, 'https://image.tmdb.org/t/p/w342/9gk7adHYeDvHkCSEqAvQNLV5Uge.jpg', 'https://www.youtube.com/watch?v=example5', 'Christopher Nolan', 'Leonardo DiCaprio, Marion Cotillard, Tom Hardy, Cillian Murphy', NULL, NULL, NULL, NULL, 118, NULL, NULL, 'Câu chuyện về du hành thời gian và những hậu quả không lường trước. Một nhà khoa học phát minh ra cỗ máy thời gian và khám phá những bí mật của vũ trụ.', NULL, 0, 'sap_chieu', NULL, '2025-10-29 16:21:38', '2025-10-29 16:21:38', NULL),
(48, 'Hành Trình Tình Yêu', NULL, 'https://image.tmdb.org/t/p/w342/6XYLiMxHAaCsoyrVo38LBWMw2p8.jpg', 'https://www.youtube.com/watch?v=example6', 'Richard Linklater', 'Ethan Hawke, Julie Delpy, Andrea Eckert, Hanno Pöschl', NULL, NULL, NULL, NULL, 95, NULL, NULL, 'Câu chuyện tình yêu cảm động vượt qua mọi khó khăn của cuộc sống. Một cặp đôi trẻ gặp nhau trên chuyến tàu và trải qua 24 giờ đáng nhớ ở Vienna.', NULL, 0, 'sap_chieu', NULL, '2025-10-29 16:21:38', '2025-10-29 16:21:38', NULL),
(49, 'Ma Trận Hành Động', NULL, 'https://image.tmdb.org/t/p/w342/f89q3lefM2kSVVBDowNwQxIC7D9.jpg', 'https://www.youtube.com/watch?v=example7', 'Lana Wachowski, Lilly Wachowski', 'Keanu Reeves, Laurence Fishburne, Carrie-Anne Moss, Hugo Weaving', NULL, NULL, NULL, NULL, 136, NULL, NULL, 'Cuộc chiến giữa con người và máy móc trong thế giới ảo. Neo phải học cách sử dụng sức mạnh của mình để cứu nhân loại.', NULL, 0, 'sap_chieu', NULL, '2025-10-29 16:21:38', '2025-10-29 16:21:38', NULL),
(50, 'Cuộc Sống Tuyệt Vời', NULL, 'https://image.tmdb.org/t/p/w342/4u1vptE8aXuzEIAgH8Y8O7v6NLD.jpg', 'https://www.youtube.com/watch?v=example8', 'Frank Capra', 'James Stewart, Donna Reed, Lionel Barrymore, Thomas Mitchell', NULL, NULL, NULL, NULL, 130, NULL, NULL, 'Câu chuyện về một người đàn ông muốn tự tử nhưng được một thiên thần cứu giúp. Anh ta được cho thấy cuộc sống sẽ như thế nào nếu anh ta chưa từng tồn tại.', NULL, 0, 'sap_chieu', NULL, '2025-10-29 16:21:38', '2025-10-29 16:21:38', NULL),
(51, 'Vua Sư Tử', NULL, 'https://image.tmdb.org/t/p/w342/sKCr78MXSLixwmZ8DyJLrpMsd15.jpg', 'https://www.youtube.com/watch?v=example9', 'Roger Allers, Rob Minkoff', 'Matthew Broderick, James Earl Jones, Jeremy Irons, Nathan Lane', NULL, NULL, NULL, NULL, 88, NULL, NULL, 'Câu chuyện về chú sư tử con Simba học cách trở thành vua. Một bộ phim hoạt hình kinh điển với âm nhạc tuyệt vời.', NULL, 0, 'sap_chieu', NULL, '2025-10-29 16:21:38', '2025-10-29 16:21:38', NULL),
(52, 'Titanic', NULL, 'https://image.tmdb.org/t/p/w342/9xjZS2rlVxm8SFx8kPC3aIGCOYQ.jpg', 'https://www.youtube.com/watch?v=example10', 'James Cameron', 'Leonardo DiCaprio, Kate Winslet, Billy Zane, Kathy Bates', NULL, NULL, NULL, NULL, 194, NULL, NULL, 'Câu chuyện tình yêu cảm động giữa Jack và Rose trên con tàu Titanic huyền thoại. Một tác phẩm điện ảnh kinh điển với hiệu ứng đặc biệt tuyệt vời.', NULL, 0, 'sap_chieu', NULL, '2025-10-29 16:21:38', '2025-10-29 16:21:38', NULL),
(53, 'Forrest Gump', NULL, 'https://image.tmdb.org/t/p/w342/arw2vcBveWOVZr6pxd9XTd1TdQa.jpg', 'https://www.youtube.com/watch?v=example11', 'Robert Zemeckis', 'Tom Hanks, Robin Wright, Gary Sinise, Sally Field', NULL, NULL, NULL, NULL, 142, NULL, NULL, 'Câu chuyện về cuộc đời của Forrest Gump, một người đàn ông có IQ thấp nhưng có trái tim vàng. Anh ta đã chứng kiến và tham gia vào nhiều sự kiện lịch sử quan trọng của nước Mỹ.', NULL, 0, 'sap_chieu', NULL, '2025-10-29 16:21:38', '2025-10-29 16:21:38', NULL),
(54, 'Pulp Fiction', NULL, 'https://image.tmdb.org/t/p/w342/d5iIlFn5s0ImszYzBPb8JPIfbXD.jpg', 'https://www.youtube.com/watch?v=example12', 'Quentin Tarantino', 'John Travolta, Samuel L. Jackson, Uma Thurman, Bruce Willis', NULL, NULL, NULL, NULL, 154, NULL, NULL, 'Một bộ phim tội phạm với cốt truyện phi tuyến tính, kể về cuộc sống của những tên tội phạm ở Los Angeles. Một kiệt tác của điện ảnh thế giới.', NULL, 0, 'sap_chieu', NULL, '2025-10-29 16:21:38', '2025-10-29 16:21:38', NULL),
(55, 'Hành Tinh Bí Ẩn', NULL, 'https://image.tmdb.org/t/p/w342/2CAL2433ZeIihfX1Hb2139CX0pW.jpg', 'https://www.youtube.com/watch?v=example1', 'Christopher Nolan', 'Matthew McConaughey, Anne Hathaway, Jessica Chastain, Michael Caine', NULL, NULL, NULL, NULL, 128, NULL, NULL, 'Cuộc phiêu lưu vũ trụ đầy kịch tính với những hiệu ứng hình ảnh tuyệt đẹp và cốt truyện hấp dẫn. Một nhóm phi hành gia dũng cảm khám phá những bí mật của vũ trụ và tìm kiếm hành tinh mới cho nhân loại.', NULL, 0, 'sap_chieu', NULL, '2025-10-29 16:22:50', '2025-10-29 16:22:50', NULL),
(56, 'Săn Lùng Siêu Trộm', NULL, 'https://image.tmdb.org/t/p/w342/62HCnUTziyWcpDaBO2i1DX17ljH.jpg', 'https://www.youtube.com/watch?v=example2', 'Michael Mann', 'Tom Cruise, Jamie Foxx, Jada Pinkett Smith, Mark Ruffalo', NULL, NULL, NULL, NULL, 115, NULL, NULL, 'Cuộc truy đuổi gay cấn giữa cảnh sát và tên trộm thông minh nhất thế giới. Một tài xế taxi bình thường bị cuốn vào cuộc phiêu lưu đầy nguy hiểm.', NULL, 0, 'dang_chieu', NULL, '2025-10-29 16:22:50', '2025-10-29 17:19:06', NULL),
(57, 'Vùng Đất Linh Hồn', NULL, 'https://image.tmdb.org/t/p/w342/e1mjopzAS2KNsvpbpahQ1a6SkSn.jpg', 'https://www.youtube.com/watch?v=example3', 'Guillermo del Toro', 'Sally Hawkins, Michael Shannon, Richard Jenkins, Octavia Spencer', NULL, NULL, NULL, NULL, 102, NULL, NULL, 'Hành trình khám phá thế giới tâm linh đầy bí ẩn và kỳ diệu. Một câu chuyện về tình yêu vượt qua ranh giới giữa hai thế giới.', NULL, 0, 'sap_chieu', NULL, '2025-10-29 16:22:50', '2025-10-29 16:22:50', NULL),
(58, 'Cuộc Chiến Vũ Trụ', NULL, 'https://image.tmdb.org/t/p/w342/8Gxv8gSFCU0XGDykEGv7zR1n2ua.jpg', 'https://www.youtube.com/watch?v=example4', 'Joss Whedon', 'Robert Downey Jr., Chris Evans, Mark Ruffalo, Chris Hemsworth', NULL, NULL, NULL, NULL, 142, NULL, NULL, 'Trận chiến vũ trụ hoành tráng giữa các thế lực thiện và ác. Những siêu anh hùng đoàn kết để bảo vệ Trái Đất khỏi mối đe dọa từ vũ trụ.', NULL, 0, 'sap_chieu', NULL, '2025-10-29 16:22:50', '2025-10-29 16:22:50', NULL),
(59, 'Bí Mật Thời Gian', NULL, 'https://image.tmdb.org/t/p/w342/9gk7adHYeDvHkCSEqAvQNLV5Uge.jpg', 'https://www.youtube.com/watch?v=example5', 'Christopher Nolan', 'Leonardo DiCaprio, Marion Cotillard, Tom Hardy, Cillian Murphy', NULL, NULL, NULL, NULL, 118, NULL, NULL, 'Câu chuyện về du hành thời gian và những hậu quả không lường trước. Một nhà khoa học phát minh ra cỗ máy thời gian và khám phá những bí mật của vũ trụ.', NULL, 0, 'sap_chieu', NULL, '2025-10-29 16:22:50', '2025-10-29 16:22:50', NULL),
(60, 'Hành Trình Tình Yêu', NULL, 'https://image.tmdb.org/t/p/w342/6XYLiMxHAaCsoyrVo38LBWMw2p8.jpg', 'https://www.youtube.com/watch?v=example6', 'Richard Linklater', 'Ethan Hawke, Julie Delpy, Andrea Eckert, Hanno Pöschl', NULL, NULL, NULL, NULL, 95, NULL, NULL, 'Câu chuyện tình yêu cảm động vượt qua mọi khó khăn của cuộc sống. Một cặp đôi trẻ gặp nhau trên chuyến tàu và trải qua 24 giờ đáng nhớ ở Vienna.', NULL, 0, 'sap_chieu', NULL, '2025-10-29 16:22:50', '2025-10-29 16:22:50', NULL),
(61, 'Ma Trận Hành Động', NULL, 'https://image.tmdb.org/t/p/w342/f89q3lefM2kSVVBDowNwQxIC7D9.jpg', 'https://www.youtube.com/watch?v=example7', 'Lana Wachowski, Lilly Wachowski', 'Keanu Reeves, Laurence Fishburne, Carrie-Anne Moss, Hugo Weaving', NULL, NULL, NULL, NULL, 136, NULL, NULL, 'Cuộc chiến giữa con người và máy móc trong thế giới ảo. Neo phải học cách sử dụng sức mạnh của mình để cứu nhân loại.', NULL, 0, 'sap_chieu', NULL, '2025-10-29 16:22:50', '2025-10-29 16:22:50', NULL),
(62, 'Cuộc Sống Tuyệt Vời', NULL, 'https://image.tmdb.org/t/p/w342/4u1vptE8aXuzEIAgH8Y8O7v6NLD.jpg', 'https://www.youtube.com/watch?v=example8', 'Frank Capra', 'James Stewart, Donna Reed, Lionel Barrymore, Thomas Mitchell', NULL, NULL, NULL, NULL, 130, NULL, NULL, 'Câu chuyện về một người đàn ông muốn tự tử nhưng được một thiên thần cứu giúp. Anh ta được cho thấy cuộc sống sẽ như thế nào nếu anh ta chưa từng tồn tại.', NULL, 0, 'sap_chieu', NULL, '2025-10-29 16:22:50', '2025-10-29 16:22:50', NULL),
(63, 'Vua Sư Tử', NULL, 'https://image.tmdb.org/t/p/w342/sKCr78MXSLixwmZ8DyJLrpMsd15.jpg', 'https://www.youtube.com/watch?v=example9', 'Roger Allers, Rob Minkoff', 'Matthew Broderick, James Earl Jones, Jeremy Irons, Nathan Lane', NULL, NULL, NULL, NULL, 88, NULL, NULL, 'Câu chuyện về chú sư tử con Simba học cách trở thành vua. Một bộ phim hoạt hình kinh điển với âm nhạc tuyệt vời.', NULL, 0, 'sap_chieu', NULL, '2025-10-29 16:22:50', '2025-10-29 16:22:50', NULL),
(64, 'Titanic', NULL, 'https://image.tmdb.org/t/p/w342/9xjZS2rlVxm8SFx8kPC3aIGCOYQ.jpg', 'https://www.youtube.com/watch?v=example10', 'James Cameron', 'Leonardo DiCaprio, Kate Winslet, Billy Zane, Kathy Bates', NULL, NULL, NULL, NULL, 194, NULL, NULL, 'Câu chuyện tình yêu cảm động giữa Jack và Rose trên con tàu Titanic huyền thoại. Một tác phẩm điện ảnh kinh điển với hiệu ứng đặc biệt tuyệt vời.', NULL, 0, 'sap_chieu', NULL, '2025-10-29 16:22:50', '2025-10-29 16:22:50', NULL),
(65, 'Forrest Gump', NULL, 'https://image.tmdb.org/t/p/w342/arw2vcBveWOVZr6pxd9XTd1TdQa.jpg', 'https://www.youtube.com/watch?v=example11', 'Robert Zemeckis', 'Tom Hanks, Robin Wright, Gary Sinise, Sally Field', NULL, NULL, NULL, NULL, 142, NULL, NULL, 'Câu chuyện về cuộc đời của Forrest Gump, một người đàn ông có IQ thấp nhưng có trái tim vàng. Anh ta đã chứng kiến và tham gia vào nhiều sự kiện lịch sử quan trọng của nước Mỹ.', NULL, 0, 'sap_chieu', NULL, '2025-10-29 16:22:50', '2025-10-29 17:31:46', '2025-10-29 17:31:46'),
(66, 'Pulp Fiction', NULL, 'https://image.tmdb.org/t/p/w342/d5iIlFn5s0ImszYzBPb8JPIfbXD.jpg', 'https://www.youtube.com/watch?v=example12', 'Quentin Tarantino', 'John Travolta, Samuel L. Jackson, Uma Thurman, Bruce Willis', NULL, NULL, NULL, NULL, 154, NULL, NULL, 'Một bộ phim tội phạm với cốt truyện phi tuyến tính, kể về cuộc sống của những tên tội phạm ở Los Angeles. Một kiệt tác của điện ảnh thế giới.', NULL, 0, 'sap_chieu', NULL, '2025-10-29 16:22:50', '2025-10-29 17:30:52', '2025-10-29 17:30:52'),
(67, 'ádfghj', 'ádfgh', NULL, NULL, 'dfgh', 'sdfghj', NULL, NULL, NULL, NULL, 123, '2025-11-02', NULL, 'ádfgasdfghjuydewsafas', 0.0, 0, 'sap_chieu', NULL, '2025-10-29 17:27:46', '2025-10-29 17:30:45', NULL);

-- --------------------------------------------------------

--
-- Cấu trúc bảng cho bảng `phong_chieu`
--

CREATE TABLE `phong_chieu` (
  `id` int NOT NULL,
  `ten_phong` varchar(100) DEFAULT NULL,
  `so_hang` int DEFAULT NULL,
  `so_cot` int DEFAULT NULL,
  `suc_chua` int DEFAULT NULL,
  `mo_ta` text,
  `trang_thai` tinyint(1) DEFAULT '1',
  `status` varchar(255) NOT NULL DEFAULT 'active'
) ENGINE=InnoDB DEFAULT CHARSET=utf8mb4 COLLATE=utf8mb4_0900_ai_ci;

--
-- Đang đổ dữ liệu cho bảng `phong_chieu`
--

INSERT INTO `phong_chieu` (`id`, `ten_phong`, `so_hang`, `so_cot`, `suc_chua`, `mo_ta`, `trang_thai`, `status`) VALUES
(1, 'Phòng 1 - Demo', 2, 4, 8, 'Phòng demo 8 ghế', 1, 'active'),
(3, 'Phòng 3 - Standard', 10, 18, 180, 'Phòng chiếu tiêu chuẩn', 1, 'active'),
(4, 'Phòng 4 - 3D', 9, 16, 144, 'Phòng chiếu 3D với công nghệ hiện đại', 1, 'active'),
(5, 'Phòng 1 - Standard', 8, 12, 96, 'Phòng chiếu tiêu chuẩn với 96 ghế', 1, 'active'),
(6, 'Phòng 1 - Standard', 8, 12, 96, 'Phòng chiếu tiêu chuẩn với 96 ghế', 1, 'active'),
(7, 'Phòng 2 - VIP', 6, 8, 48, 'Phòng chiếu VIP với 48 ghế cao cấp', 1, 'active'),
(8, 'Phòng 3 - IMAX', 10, 15, 150, 'Phòng chiếu IMAX với 150 ghế', 1, 'active'),
(9, 'Phòng 4 - 3D', 7, 10, 70, 'Phòng chiếu 3D với 70 ghế', 1, 'active'),
(10, 'Phòng 1 - Standard', 8, 12, 96, 'Phòng chiếu tiêu chuẩn với 96 ghế', 1, 'active'),
(11, 'Phòng 2 - VIP', 6, 8, 48, 'Phòng chiếu VIP với 48 ghế cao cấp', 1, 'active'),
(12, 'Phòng 3 - IMAX', 10, 15, 150, 'Phòng chiếu IMAX với 150 ghế', 1, 'active'),
(13, 'Phòng 4 - 3D', 7, 10, 70, 'Phòng chiếu 3D với 70 ghế', 1, 'active'),
(14, 'Sinh viên 10', 10, 15, NULL, 'ádfghjkllkhj', 1, 'active');

-- --------------------------------------------------------

--
-- Cấu trúc bảng cho bảng `sessions`
--

CREATE TABLE `sessions` (
  `id` varchar(255) CHARACTER SET utf8mb4 COLLATE utf8mb4_0900_ai_ci NOT NULL,
  `user_id` bigint UNSIGNED DEFAULT NULL,
  `ip_address` varchar(45) CHARACTER SET utf8mb4 COLLATE utf8mb4_0900_ai_ci DEFAULT NULL,
  `user_agent` text CHARACTER SET utf8mb4 COLLATE utf8mb4_0900_ai_ci,
  `payload` longtext CHARACTER SET utf8mb4 COLLATE utf8mb4_0900_ai_ci NOT NULL,
  `last_activity` int NOT NULL
) ENGINE=InnoDB DEFAULT CHARSET=utf8mb4 COLLATE=utf8mb4_0900_ai_ci;

--
-- Đang đổ dữ liệu cho bảng `sessions`
--

INSERT INTO `sessions` (`id`, `user_id`, `ip_address`, `user_agent`, `payload`, `last_activity`) VALUES
('J38u9b76urlouSvCer7N1eut5PuN9zBn1KAxWQvR', 1, '127.0.0.1', 'Mozilla/5.0 (Windows NT 10.0; Win64; x64) AppleWebKit/537.36 (KHTML, like Gecko) Chrome/141.0.0.0 Safari/537.36', 'YTo0OntzOjY6Il90b2tlbiI7czo0MDoiUjdDOXphWmFYdUIzeGFINTJ4cENzZ0YyR3lFbFZxV2xpbERJbnMxWSI7czo2OiJfZmxhc2giO2E6Mjp7czozOiJvbGQiO2E6MDp7fXM6MzoibmV3IjthOjA6e319czo5OiJfcHJldmlvdXMiO2E6MTp7czozOiJ1cmwiO3M6NjI6Imh0dHA6Ly8xMjcuMC4wLjE6ODAwMC9hZG1pbi9ib29raW5ncz9uZ3VvaV9kdW5nPSZwaGltPSZzdGF0dXM9Ijt9czo1MDoibG9naW5fd2ViXzU5YmEzNmFkZGMyYjJmOTQwMTU4MGYwMTRjN2Y1OGVhNGUzMDk4OWQiO2k6MTt9', 1761787676);

-- --------------------------------------------------------

--
-- Cấu trúc bảng cho bảng `suat_chieu`
--

CREATE TABLE `suat_chieu` (
  `id` int NOT NULL,
  `id_phim` int DEFAULT NULL,
  `id_phong` int DEFAULT NULL,
  `thoi_gian_bat_dau` datetime DEFAULT NULL,
  `thoi_gian_ket_thuc` datetime DEFAULT NULL,
  `trang_thai` tinyint(1) DEFAULT '1'
) ENGINE=InnoDB DEFAULT CHARSET=utf8mb4 COLLATE=utf8mb4_0900_ai_ci;

--
-- Đang đổ dữ liệu cho bảng `suat_chieu`
--

INSERT INTO `suat_chieu` (`id`, `id_phim`, `id_phong`, `thoi_gian_bat_dau`, `thoi_gian_ket_thuc`, `trang_thai`) VALUES
(1, 1, 1, '2025-10-30 19:00:00', '2025-10-30 21:00:00', 1),
(3, 1, 1, '2025-10-24 10:00:00', '2025-10-24 12:30:00', 1),
(4, 2, 3, '2025-10-23 16:00:00', '2025-10-23 18:30:00', 1),
(5, 2, 4, '2025-10-24 14:00:00', '2025-10-24 16:30:00', 1),
(6, 1, 1, '2025-10-29 09:00:00', '2025-10-29 11:00:00', 1),
(7, 1, 1, '2025-10-29 14:30:00', '2025-10-29 16:30:00', 1),
(8, 1, 1, '2025-10-29 19:00:00', '2025-10-29 21:00:00', 1),
(9, 1, 1, '2025-10-30 09:00:00', '2025-10-30 11:00:00', 1),
(10, 1, 1, '2025-10-30 14:30:00', '2025-10-30 16:30:00', 1),
(11, 1, 1, '2025-10-30 19:00:00', '2025-10-30 21:00:00', 1),
(12, 1, 1, '2025-10-31 09:00:00', '2025-10-31 11:00:00', 1),
(13, 1, 1, '2025-10-31 14:30:00', '2025-10-31 16:30:00', 1),
(14, 1, 1, '2025-10-31 19:00:00', '2025-10-31 21:00:00', 1),
(15, 1, 1, '2025-11-01 09:00:00', '2025-11-01 11:00:00', 1),
(16, 1, 1, '2025-11-01 14:30:00', '2025-11-01 16:30:00', 1),
(17, 1, 1, '2025-11-01 19:00:00', '2025-11-01 21:00:00', 1),
(18, 1, 1, '2025-11-02 09:00:00', '2025-11-02 11:00:00', 1),
(19, 1, 1, '2025-11-02 14:30:00', '2025-11-02 16:30:00', 1),
(20, 1, 1, '2025-11-02 19:00:00', '2025-11-02 21:00:00', 1),
(21, 1, 1, '2025-11-03 09:00:00', '2025-11-03 11:00:00', 1),
(22, 1, 1, '2025-11-03 14:30:00', '2025-11-03 16:30:00', 1),
(23, 1, 1, '2025-11-03 19:00:00', '2025-11-03 21:00:00', 1),
(24, 1, 1, '2025-11-04 09:00:00', '2025-11-04 11:00:00', 1),
(25, 1, 1, '2025-11-04 14:30:00', '2025-11-04 16:30:00', 1),
(26, 1, 1, '2025-11-04 19:00:00', '2025-11-04 21:00:00', 1),
(27, 1, 3, '2025-10-29 09:00:00', '2025-10-29 11:00:00', 1),
(28, 1, 3, '2025-10-29 14:30:00', '2025-10-29 16:30:00', 1),
(29, 1, 3, '2025-10-29 19:00:00', '2025-10-29 21:00:00', 1),
(30, 1, 3, '2025-10-30 09:00:00', '2025-10-30 11:00:00', 1),
(31, 1, 3, '2025-10-30 14:30:00', '2025-10-30 16:30:00', 1),
(32, 1, 3, '2025-10-30 19:00:00', '2025-10-30 21:00:00', 1),
(33, 1, 3, '2025-10-31 09:00:00', '2025-10-31 11:00:00', 1),
(34, 1, 3, '2025-10-31 14:30:00', '2025-10-31 16:30:00', 1),
(35, 1, 3, '2025-10-31 19:00:00', '2025-10-31 21:00:00', 1),
(36, 1, 3, '2025-11-01 09:00:00', '2025-11-01 11:00:00', 1),
(37, 1, 3, '2025-11-01 14:30:00', '2025-11-01 16:30:00', 1),
(38, 1, 3, '2025-11-01 19:00:00', '2025-11-01 21:00:00', 1),
(39, 1, 3, '2025-11-02 09:00:00', '2025-11-02 11:00:00', 1),
(40, 1, 3, '2025-11-02 14:30:00', '2025-11-02 16:30:00', 1),
(41, 1, 3, '2025-11-02 19:00:00', '2025-11-02 21:00:00', 1),
(42, 1, 3, '2025-11-03 09:00:00', '2025-11-03 11:00:00', 1),
(43, 1, 3, '2025-11-03 14:30:00', '2025-11-03 16:30:00', 1),
(44, 1, 3, '2025-11-03 19:00:00', '2025-11-03 21:00:00', 1),
(45, 1, 3, '2025-11-04 09:00:00', '2025-11-04 11:00:00', 1),
(46, 1, 3, '2025-11-04 14:30:00', '2025-11-04 16:30:00', 1),
(47, 1, 3, '2025-11-04 19:00:00', '2025-11-04 21:00:00', 1),
(48, 1, 4, '2025-10-29 09:00:00', '2025-10-29 11:00:00', 1),
(49, 1, 4, '2025-10-29 14:30:00', '2025-10-29 16:30:00', 1),
(50, 1, 4, '2025-10-29 19:00:00', '2025-10-29 21:00:00', 1),
(51, 1, 4, '2025-10-30 09:00:00', '2025-10-30 11:00:00', 1),
(52, 1, 4, '2025-10-30 14:30:00', '2025-10-30 16:30:00', 1),
(53, 1, 4, '2025-10-30 19:00:00', '2025-10-30 21:00:00', 1),
(54, 1, 4, '2025-10-31 09:00:00', '2025-10-31 11:00:00', 1),
(55, 1, 4, '2025-10-31 14:30:00', '2025-10-31 16:30:00', 1),
(56, 1, 4, '2025-10-31 19:00:00', '2025-10-31 21:00:00', 1),
(57, 1, 4, '2025-11-01 09:00:00', '2025-11-01 11:00:00', 1),
(58, 1, 4, '2025-11-01 14:30:00', '2025-11-01 16:30:00', 1),
(59, 1, 4, '2025-11-01 19:00:00', '2025-11-01 21:00:00', 1),
(60, 1, 4, '2025-11-02 09:00:00', '2025-11-02 11:00:00', 1),
(61, 1, 4, '2025-11-02 14:30:00', '2025-11-02 16:30:00', 1),
(62, 1, 4, '2025-11-02 19:00:00', '2025-11-02 21:00:00', 1),
(63, 1, 4, '2025-11-03 09:00:00', '2025-11-03 11:00:00', 1),
(64, 1, 4, '2025-11-03 14:30:00', '2025-11-03 16:30:00', 1),
(65, 1, 4, '2025-11-03 19:00:00', '2025-11-03 21:00:00', 1),
(66, 1, 4, '2025-11-04 09:00:00', '2025-11-04 11:00:00', 1),
(67, 1, 4, '2025-11-04 14:30:00', '2025-11-04 16:30:00', 1),
(68, 1, 4, '2025-11-04 19:00:00', '2025-11-04 21:00:00', 1),
(69, 1, 5, '2025-10-29 09:00:00', '2025-10-29 11:00:00', 1),
(70, 1, 5, '2025-10-29 14:30:00', '2025-10-29 16:30:00', 1),
(71, 1, 5, '2025-10-29 19:00:00', '2025-10-29 21:00:00', 1),
(72, 1, 5, '2025-10-30 09:00:00', '2025-10-30 11:00:00', 1),
(73, 1, 5, '2025-10-30 14:30:00', '2025-10-30 16:30:00', 1),
(74, 1, 5, '2025-10-30 19:00:00', '2025-10-30 21:00:00', 1),
(75, 1, 5, '2025-10-31 09:00:00', '2025-10-31 11:00:00', 1),
(76, 1, 5, '2025-10-31 14:30:00', '2025-10-31 16:30:00', 1),
(77, 1, 5, '2025-10-31 19:00:00', '2025-10-31 21:00:00', 1),
(78, 1, 5, '2025-11-01 09:00:00', '2025-11-01 11:00:00', 1),
(79, 1, 5, '2025-11-01 14:30:00', '2025-11-01 16:30:00', 1),
(80, 1, 5, '2025-11-01 19:00:00', '2025-11-01 21:00:00', 1),
(81, 1, 5, '2025-11-02 09:00:00', '2025-11-02 11:00:00', 1),
(82, 1, 5, '2025-11-02 14:30:00', '2025-11-02 16:30:00', 1),
(83, 1, 5, '2025-11-02 19:00:00', '2025-11-02 21:00:00', 1),
(84, 1, 5, '2025-11-03 09:00:00', '2025-11-03 11:00:00', 1),
(85, 1, 5, '2025-11-03 14:30:00', '2025-11-03 16:30:00', 1),
(86, 1, 5, '2025-11-03 19:00:00', '2025-11-03 21:00:00', 1),
(87, 1, 5, '2025-11-04 09:00:00', '2025-11-04 11:00:00', 1),
(88, 1, 5, '2025-11-04 14:30:00', '2025-11-04 16:30:00', 1),
(89, 1, 5, '2025-11-04 19:00:00', '2025-11-04 21:00:00', 1),
(90, 1, 6, '2025-10-29 09:00:00', '2025-10-29 11:00:00', 1),
(91, 1, 6, '2025-10-29 14:30:00', '2025-10-29 16:30:00', 1),
(92, 1, 6, '2025-10-29 19:00:00', '2025-10-29 21:00:00', 1),
(93, 1, 6, '2025-10-30 09:00:00', '2025-10-30 11:00:00', 1),
(94, 1, 6, '2025-10-30 14:30:00', '2025-10-30 16:30:00', 1),
(95, 1, 6, '2025-10-30 19:00:00', '2025-10-30 21:00:00', 1),
(96, 1, 6, '2025-10-31 09:00:00', '2025-10-31 11:00:00', 1),
(97, 1, 6, '2025-10-31 14:30:00', '2025-10-31 16:30:00', 1),
(98, 1, 6, '2025-10-31 19:00:00', '2025-10-31 21:00:00', 1),
(99, 1, 6, '2025-11-01 09:00:00', '2025-11-01 11:00:00', 1),
(100, 1, 6, '2025-11-01 14:30:00', '2025-11-01 16:30:00', 1),
(101, 1, 6, '2025-11-01 19:00:00', '2025-11-01 21:00:00', 1),
(102, 1, 6, '2025-11-02 09:00:00', '2025-11-02 11:00:00', 1),
(103, 1, 6, '2025-11-02 14:30:00', '2025-11-02 16:30:00', 1),
(104, 1, 6, '2025-11-02 19:00:00', '2025-11-02 21:00:00', 1),
(105, 1, 6, '2025-11-03 09:00:00', '2025-11-03 11:00:00', 1),
(106, 1, 6, '2025-11-03 14:30:00', '2025-11-03 16:30:00', 1),
(107, 1, 6, '2025-11-03 19:00:00', '2025-11-03 21:00:00', 1),
(108, 1, 6, '2025-11-04 09:00:00', '2025-11-04 11:00:00', 1),
(109, 1, 6, '2025-11-04 14:30:00', '2025-11-04 16:30:00', 1),
(110, 1, 6, '2025-11-04 19:00:00', '2025-11-04 21:00:00', 1),
(111, 1, 7, '2025-10-29 09:00:00', '2025-10-29 11:00:00', 1),
(112, 1, 7, '2025-10-29 14:30:00', '2025-10-29 16:30:00', 1),
(113, 1, 7, '2025-10-29 19:00:00', '2025-10-29 21:00:00', 1),
(114, 1, 7, '2025-10-30 09:00:00', '2025-10-30 11:00:00', 1),
(115, 1, 7, '2025-10-30 14:30:00', '2025-10-30 16:30:00', 1),
(116, 1, 7, '2025-10-30 19:00:00', '2025-10-30 21:00:00', 1),
(117, 1, 7, '2025-10-31 09:00:00', '2025-10-31 11:00:00', 1),
(118, 1, 7, '2025-10-31 14:30:00', '2025-10-31 16:30:00', 1),
(119, 1, 7, '2025-10-31 19:00:00', '2025-10-31 21:00:00', 1),
(120, 1, 7, '2025-11-01 09:00:00', '2025-11-01 11:00:00', 1),
(121, 1, 7, '2025-11-01 14:30:00', '2025-11-01 16:30:00', 1),
(122, 1, 7, '2025-11-01 19:00:00', '2025-11-01 21:00:00', 1),
(123, 1, 7, '2025-11-02 09:00:00', '2025-11-02 11:00:00', 1),
(124, 1, 7, '2025-11-02 14:30:00', '2025-11-02 16:30:00', 1),
(125, 1, 7, '2025-11-02 19:00:00', '2025-11-02 21:00:00', 1),
(126, 1, 7, '2025-11-03 09:00:00', '2025-11-03 11:00:00', 1),
(127, 1, 7, '2025-11-03 14:30:00', '2025-11-03 16:30:00', 1),
(128, 1, 7, '2025-11-03 19:00:00', '2025-11-03 21:00:00', 1),
(129, 1, 7, '2025-11-04 09:00:00', '2025-11-04 11:00:00', 1),
(130, 1, 7, '2025-11-04 14:30:00', '2025-11-04 16:30:00', 1),
(131, 1, 7, '2025-11-04 19:00:00', '2025-11-04 21:00:00', 1),
(132, 1, 8, '2025-10-29 09:00:00', '2025-10-29 11:00:00', 1),
(133, 1, 8, '2025-10-29 14:30:00', '2025-10-29 16:30:00', 1),
(134, 1, 8, '2025-10-29 19:00:00', '2025-10-29 21:00:00', 1),
(135, 1, 8, '2025-10-30 09:00:00', '2025-10-30 11:00:00', 1),
(136, 1, 8, '2025-10-30 14:30:00', '2025-10-30 16:30:00', 1),
(137, 1, 8, '2025-10-30 19:00:00', '2025-10-30 21:00:00', 1),
(138, 1, 8, '2025-10-31 09:00:00', '2025-10-31 11:00:00', 1),
(139, 1, 8, '2025-10-31 14:30:00', '2025-10-31 16:30:00', 1),
(140, 1, 8, '2025-10-31 19:00:00', '2025-10-31 21:00:00', 1),
(141, 1, 8, '2025-11-01 09:00:00', '2025-11-01 11:00:00', 1),
(142, 1, 8, '2025-11-01 14:30:00', '2025-11-01 16:30:00', 1),
(143, 1, 8, '2025-11-01 19:00:00', '2025-11-01 21:00:00', 1),
(144, 1, 8, '2025-11-02 09:00:00', '2025-11-02 11:00:00', 1),
(145, 1, 8, '2025-11-02 14:30:00', '2025-11-02 16:30:00', 1),
(146, 1, 8, '2025-11-02 19:00:00', '2025-11-02 21:00:00', 1),
(147, 1, 8, '2025-11-03 09:00:00', '2025-11-03 11:00:00', 1),
(148, 1, 8, '2025-11-03 14:30:00', '2025-11-03 16:30:00', 1),
(149, 1, 8, '2025-11-03 19:00:00', '2025-11-03 21:00:00', 1),
(150, 1, 8, '2025-11-04 09:00:00', '2025-11-04 11:00:00', 1),
(151, 1, 8, '2025-11-04 14:30:00', '2025-11-04 16:30:00', 1),
(152, 1, 8, '2025-11-04 19:00:00', '2025-11-04 21:00:00', 1),
(153, 1, 9, '2025-10-29 09:00:00', '2025-10-29 11:00:00', 1),
(154, 1, 9, '2025-10-29 14:30:00', '2025-10-29 16:30:00', 1),
(155, 1, 9, '2025-10-29 19:00:00', '2025-10-29 21:00:00', 1),
(156, 1, 9, '2025-10-30 09:00:00', '2025-10-30 11:00:00', 1),
(157, 1, 9, '2025-10-30 14:30:00', '2025-10-30 16:30:00', 1),
(158, 1, 9, '2025-10-30 19:00:00', '2025-10-30 21:00:00', 1),
(159, 1, 9, '2025-10-31 09:00:00', '2025-10-31 11:00:00', 1),
(160, 1, 9, '2025-10-31 14:30:00', '2025-10-31 16:30:00', 1),
(161, 1, 9, '2025-10-31 19:00:00', '2025-10-31 21:00:00', 1),
(162, 1, 9, '2025-11-01 09:00:00', '2025-11-01 11:00:00', 1),
(163, 1, 9, '2025-11-01 14:30:00', '2025-11-01 16:30:00', 1),
(164, 1, 9, '2025-11-01 19:00:00', '2025-11-01 21:00:00', 1),
(165, 1, 9, '2025-11-02 09:00:00', '2025-11-02 11:00:00', 1),
(166, 1, 9, '2025-11-02 14:30:00', '2025-11-02 16:30:00', 1),
(167, 1, 9, '2025-11-02 19:00:00', '2025-11-02 21:00:00', 1),
(168, 1, 9, '2025-11-03 09:00:00', '2025-11-03 11:00:00', 1),
(169, 1, 9, '2025-11-03 14:30:00', '2025-11-03 16:30:00', 1),
(170, 1, 9, '2025-11-03 19:00:00', '2025-11-03 21:00:00', 1),
(171, 1, 9, '2025-11-04 09:00:00', '2025-11-04 11:00:00', 1),
(172, 1, 9, '2025-11-04 14:30:00', '2025-11-04 16:30:00', 1),
(173, 1, 9, '2025-11-04 19:00:00', '2025-11-04 21:00:00', 1),
(174, 11, 1, '2025-10-29 09:00:00', '2025-10-29 11:00:00', 1),
(175, 11, 1, '2025-10-29 14:30:00', '2025-10-29 16:30:00', 1),
(176, 11, 1, '2025-10-29 19:00:00', '2025-10-29 21:00:00', 1),
(177, 11, 1, '2025-10-30 09:00:00', '2025-10-30 11:00:00', 1),
(178, 11, 1, '2025-10-30 14:30:00', '2025-10-30 16:30:00', 1),
(179, 11, 1, '2025-10-30 19:00:00', '2025-10-30 21:00:00', 1),
(180, 11, 1, '2025-10-31 09:00:00', '2025-10-31 11:00:00', 1),
(181, 11, 1, '2025-10-31 14:30:00', '2025-10-31 16:30:00', 1),
(182, 11, 1, '2025-10-31 19:00:00', '2025-10-31 21:00:00', 1),
(183, 11, 1, '2025-11-01 09:00:00', '2025-11-01 11:00:00', 1),
(184, 11, 1, '2025-11-01 14:30:00', '2025-11-01 16:30:00', 1),
(185, 11, 1, '2025-11-01 19:00:00', '2025-11-01 21:00:00', 1),
(186, 11, 1, '2025-11-02 09:00:00', '2025-11-02 11:00:00', 1),
(187, 11, 1, '2025-11-02 14:30:00', '2025-11-02 16:30:00', 1),
(188, 11, 1, '2025-11-02 19:00:00', '2025-11-02 21:00:00', 1),
(189, 11, 1, '2025-11-03 09:00:00', '2025-11-03 11:00:00', 1),
(190, 11, 1, '2025-11-03 14:30:00', '2025-11-03 16:30:00', 1),
(191, 11, 1, '2025-11-03 19:00:00', '2025-11-03 21:00:00', 1),
(192, 11, 1, '2025-11-04 09:00:00', '2025-11-04 11:00:00', 1),
(193, 11, 1, '2025-11-04 14:30:00', '2025-11-04 16:30:00', 1),
(194, 11, 1, '2025-11-04 19:00:00', '2025-11-04 21:00:00', 1),
(195, 11, 3, '2025-10-29 09:00:00', '2025-10-29 11:00:00', 1),
(196, 11, 3, '2025-10-29 14:30:00', '2025-10-29 16:30:00', 1),
(197, 11, 3, '2025-10-29 19:00:00', '2025-10-29 21:00:00', 1),
(198, 11, 3, '2025-10-30 09:00:00', '2025-10-30 11:00:00', 1),
(199, 11, 3, '2025-10-30 14:30:00', '2025-10-30 16:30:00', 1),
(200, 11, 3, '2025-10-30 19:00:00', '2025-10-30 21:00:00', 1),
(201, 11, 3, '2025-10-31 09:00:00', '2025-10-31 11:00:00', 1),
(202, 11, 3, '2025-10-31 14:30:00', '2025-10-31 16:30:00', 1),
(203, 11, 3, '2025-10-31 19:00:00', '2025-10-31 21:00:00', 1),
(204, 11, 3, '2025-11-01 09:00:00', '2025-11-01 11:00:00', 1),
(205, 11, 3, '2025-11-01 14:30:00', '2025-11-01 16:30:00', 1),
(206, 11, 3, '2025-11-01 19:00:00', '2025-11-01 21:00:00', 1),
(207, 11, 3, '2025-11-02 09:00:00', '2025-11-02 11:00:00', 1),
(208, 11, 3, '2025-11-02 14:30:00', '2025-11-02 16:30:00', 1),
(209, 11, 3, '2025-11-02 19:00:00', '2025-11-02 21:00:00', 1),
(210, 11, 3, '2025-11-03 09:00:00', '2025-11-03 11:00:00', 1),
(211, 11, 3, '2025-11-03 14:30:00', '2025-11-03 16:30:00', 1),
(212, 11, 3, '2025-11-03 19:00:00', '2025-11-03 21:00:00', 1),
(213, 11, 3, '2025-11-04 09:00:00', '2025-11-04 11:00:00', 1),
(214, 11, 3, '2025-11-04 14:30:00', '2025-11-04 16:30:00', 1),
(215, 11, 3, '2025-11-21 19:00:00', '2025-11-30 14:00:00', 1),
(216, 11, 4, '2025-10-29 09:00:00', '2025-10-29 11:00:00', 1),
(217, 11, 4, '2025-10-29 14:30:00', '2025-10-29 16:30:00', 1),
(218, 11, 4, '2025-10-29 19:00:00', '2025-10-29 21:00:00', 1),
(219, 11, 4, '2025-10-30 09:00:00', '2025-10-30 11:00:00', 1),
(220, 11, 4, '2025-10-30 14:30:00', '2025-10-30 16:30:00', 1),
(221, 11, 4, '2025-10-30 19:00:00', '2025-10-30 21:00:00', 1),
(222, 11, 4, '2025-10-31 09:00:00', '2025-10-31 11:00:00', 1),
(223, 11, 4, '2025-10-31 14:30:00', '2025-10-31 16:30:00', 1),
(224, 11, 4, '2025-10-31 19:00:00', '2025-10-31 21:00:00', 1),
(225, 11, 4, '2025-11-01 09:00:00', '2025-11-01 11:00:00', 1),
(226, 11, 4, '2025-11-01 14:30:00', '2025-11-01 16:30:00', 1),
(227, 11, 4, '2025-11-01 19:00:00', '2025-11-01 21:00:00', 1),
(228, 11, 4, '2025-11-02 09:00:00', '2025-11-02 11:00:00', 1),
(229, 11, 4, '2025-11-02 14:30:00', '2025-11-02 16:30:00', 1),
(230, 11, 4, '2025-11-02 19:00:00', '2025-11-02 21:00:00', 1),
(231, 11, 4, '2025-11-03 09:00:00', '2025-11-03 11:00:00', 1),
(232, 11, 4, '2025-11-03 14:30:00', '2025-11-03 16:30:00', 1),
(233, 11, 4, '2025-11-03 19:00:00', '2025-11-03 21:00:00', 1),
(234, 11, 4, '2025-11-04 09:00:00', '2025-11-04 11:00:00', 1),
(235, 11, 4, '2025-11-04 14:30:00', '2025-11-04 16:30:00', 1),
(237, 11, 5, '2025-10-29 09:00:00', '2025-10-29 11:00:00', 1),
(238, 11, 5, '2025-10-29 14:30:00', '2025-10-29 16:30:00', 1),
(239, 11, 5, '2025-10-29 19:00:00', '2025-10-29 21:00:00', 1),
(240, 11, 5, '2025-10-30 09:00:00', '2025-10-30 11:00:00', 1),
(241, 11, 5, '2025-10-30 14:30:00', '2025-10-30 16:30:00', 1),
(242, 11, 5, '2025-10-30 19:00:00', '2025-10-30 21:00:00', 1),
(243, 11, 5, '2025-10-31 09:00:00', '2025-10-31 11:00:00', 1),
(244, 11, 5, '2025-10-31 14:30:00', '2025-10-31 16:30:00', 1),
(245, 11, 5, '2025-10-31 19:00:00', '2025-10-31 21:00:00', 1),
(246, 11, 5, '2025-11-01 09:00:00', '2025-11-01 11:00:00', 1),
(247, 11, 5, '2025-11-01 14:30:00', '2025-11-01 16:30:00', 1),
(248, 11, 5, '2025-11-01 19:00:00', '2025-11-01 21:00:00', 1),
(249, 11, 5, '2025-11-02 09:00:00', '2025-11-02 11:00:00', 1),
(250, 11, 5, '2025-11-02 14:30:00', '2025-11-02 16:30:00', 1),
(251, 11, 5, '2025-11-02 19:00:00', '2025-11-02 21:00:00', 1),
(252, 11, 5, '2025-11-03 09:00:00', '2025-11-03 11:00:00', 1),
(253, 11, 5, '2025-11-03 14:30:00', '2025-11-03 16:30:00', 1),
(254, 11, 5, '2025-11-03 19:00:00', '2025-11-03 21:00:00', 1),
(255, 11, 5, '2025-11-04 09:00:00', '2025-11-04 11:00:00', 1),
(256, 11, 5, '2025-11-04 14:30:00', '2025-11-04 16:30:00', 1),
(257, 11, 5, '2025-11-04 19:00:00', '2025-11-04 21:00:00', 1),
(258, 11, 6, '2025-10-29 09:00:00', '2025-10-29 11:00:00', 1),
(259, 11, 6, '2025-10-29 14:30:00', '2025-10-29 16:30:00', 1),
(260, 11, 6, '2025-10-29 19:00:00', '2025-10-29 21:00:00', 1),
(261, 11, 6, '2025-10-30 09:00:00', '2025-10-30 11:00:00', 1),
(262, 11, 6, '2025-10-30 14:30:00', '2025-10-30 16:30:00', 1),
(263, 11, 6, '2025-10-30 19:00:00', '2025-10-30 21:00:00', 1),
(264, 11, 6, '2025-10-31 09:00:00', '2025-10-31 11:00:00', 1),
(265, 11, 6, '2025-10-31 14:30:00', '2025-10-31 16:30:00', 1),
(266, 11, 6, '2025-10-31 19:00:00', '2025-10-31 21:00:00', 1),
(267, 11, 6, '2025-11-01 09:00:00', '2025-11-01 11:00:00', 1),
(268, 11, 6, '2025-11-01 14:30:00', '2025-11-01 16:30:00', 1),
(269, 11, 6, '2025-11-01 19:00:00', '2025-11-01 21:00:00', 1),
(270, 11, 6, '2025-11-02 09:00:00', '2025-11-02 11:00:00', 1),
(271, 11, 6, '2025-11-02 14:30:00', '2025-11-02 16:30:00', 1),
(272, 11, 6, '2025-11-02 19:00:00', '2025-11-02 21:00:00', 1),
(273, 11, 6, '2025-11-03 09:00:00', '2025-11-03 11:00:00', 1),
(274, 11, 6, '2025-11-03 14:30:00', '2025-11-03 16:30:00', 1),
(275, 11, 6, '2025-11-03 19:00:00', '2025-11-03 21:00:00', 1),
(276, 11, 6, '2025-11-04 09:00:00', '2025-11-04 11:00:00', 1),
(277, 11, 6, '2025-11-04 14:30:00', '2025-11-04 16:30:00', 1),
(278, 11, 6, '2025-11-04 19:00:00', '2025-11-04 21:00:00', 1),
(279, 11, 7, '2025-10-29 09:00:00', '2025-10-29 11:00:00', 1),
(280, 11, 7, '2025-10-29 14:30:00', '2025-10-29 16:30:00', 1),
(281, 11, 7, '2025-10-29 19:00:00', '2025-10-29 21:00:00', 1),
(282, 11, 7, '2025-10-30 09:00:00', '2025-10-30 11:00:00', 1),
(283, 11, 7, '2025-10-30 14:30:00', '2025-10-30 16:30:00', 1),
(284, 11, 7, '2025-10-30 19:00:00', '2025-10-30 21:00:00', 1),
(285, 11, 7, '2025-10-31 09:00:00', '2025-10-31 11:00:00', 1),
(286, 11, 7, '2025-10-31 14:30:00', '2025-10-31 16:30:00', 1),
(287, 11, 7, '2025-10-31 19:00:00', '2025-10-31 21:00:00', 1),
(288, 11, 7, '2025-11-01 09:00:00', '2025-11-01 11:00:00', 1),
(289, 11, 7, '2025-11-01 14:30:00', '2025-11-01 16:30:00', 1),
(290, 11, 7, '2025-11-01 19:00:00', '2025-11-01 21:00:00', 1),
(291, 11, 7, '2025-11-02 09:00:00', '2025-11-02 11:00:00', 1),
(292, 11, 7, '2025-11-02 14:30:00', '2025-11-02 16:30:00', 1),
(293, 11, 7, '2025-11-02 19:00:00', '2025-11-02 21:00:00', 1),
(294, 11, 7, '2025-11-03 09:00:00', '2025-11-03 11:00:00', 1),
(295, 11, 7, '2025-11-03 14:30:00', '2025-11-03 16:30:00', 1),
(296, 11, 7, '2025-11-03 19:00:00', '2025-11-03 21:00:00', 1),
(297, 11, 7, '2025-11-04 09:00:00', '2025-11-04 11:00:00', 1),
(298, 11, 7, '2025-11-04 14:30:00', '2025-11-04 16:30:00', 1),
(299, 11, 7, '2025-11-04 19:00:00', '2025-11-04 21:00:00', 1),
(300, 11, 8, '2025-10-29 09:00:00', '2025-10-29 11:00:00', 1),
(301, 11, 8, '2025-10-29 14:30:00', '2025-10-29 16:30:00', 1),
(302, 11, 8, '2025-10-29 19:00:00', '2025-10-29 21:00:00', 1),
(303, 11, 8, '2025-10-30 09:00:00', '2025-10-30 11:00:00', 1),
(304, 11, 8, '2025-10-30 14:30:00', '2025-10-30 16:30:00', 1),
(305, 11, 8, '2025-10-30 19:00:00', '2025-10-30 21:00:00', 1),
(306, 11, 8, '2025-10-31 09:00:00', '2025-10-31 11:00:00', 1),
(307, 11, 8, '2025-10-31 14:30:00', '2025-10-31 16:30:00', 1),
(308, 11, 8, '2025-10-31 19:00:00', '2025-10-31 21:00:00', 1),
(309, 11, 8, '2025-11-01 09:00:00', '2025-11-01 11:00:00', 1),
(310, 11, 8, '2025-11-01 14:30:00', '2025-11-01 16:30:00', 1),
(311, 11, 8, '2025-11-01 19:00:00', '2025-11-01 21:00:00', 1),
(312, 11, 8, '2025-11-02 09:00:00', '2025-11-02 11:00:00', 1),
(313, 11, 8, '2025-11-02 14:30:00', '2025-11-02 16:30:00', 1),
(314, 11, 8, '2025-11-02 19:00:00', '2025-11-02 21:00:00', 1),
(315, 11, 8, '2025-11-03 09:00:00', '2025-11-03 11:00:00', 1),
(316, 11, 8, '2025-11-03 14:30:00', '2025-11-03 16:30:00', 1),
(317, 11, 8, '2025-11-03 19:00:00', '2025-11-03 21:00:00', 1),
(318, 11, 8, '2025-11-04 09:00:00', '2025-11-04 11:00:00', 1),
(319, 11, 8, '2025-11-04 14:30:00', '2025-11-04 16:30:00', 1),
(320, 11, 8, '2025-11-04 19:00:00', '2025-11-04 21:00:00', 1),
(321, 11, 9, '2025-10-29 09:00:00', '2025-10-29 11:00:00', 1),
(322, 11, 9, '2025-10-29 14:30:00', '2025-10-29 16:30:00', 1),
(323, 11, 9, '2025-10-29 19:00:00', '2025-10-29 21:00:00', 1),
(324, 11, 9, '2025-10-30 09:00:00', '2025-10-30 11:00:00', 1),
(325, 11, 9, '2025-10-30 14:30:00', '2025-10-30 16:30:00', 1),
(326, 11, 9, '2025-10-30 19:00:00', '2025-10-30 21:00:00', 1),
(327, 11, 9, '2025-10-31 09:00:00', '2025-10-31 11:00:00', 1),
(328, 11, 9, '2025-10-31 14:30:00', '2025-10-31 16:30:00', 1),
(329, 11, 9, '2025-10-31 19:00:00', '2025-10-31 21:00:00', 1),
(330, 11, 9, '2025-11-01 09:00:00', '2025-11-01 11:00:00', 1),
(331, 11, 9, '2025-11-01 14:30:00', '2025-11-01 16:30:00', 1),
(332, 11, 9, '2025-11-01 19:00:00', '2025-11-01 21:00:00', 1),
(333, 11, 9, '2025-11-02 09:00:00', '2025-11-02 11:00:00', 1),
(334, 11, 9, '2025-11-02 14:30:00', '2025-11-02 16:30:00', 1),
(335, 11, 9, '2025-11-02 19:00:00', '2025-11-02 21:00:00', 1),
(336, 11, 9, '2025-11-03 09:00:00', '2025-11-03 11:00:00', 1),
(337, 11, 9, '2025-11-03 14:30:00', '2025-11-03 16:30:00', 1),
(338, 11, 9, '2025-11-03 19:00:00', '2025-11-03 21:00:00', 1),
(339, 11, 9, '2025-11-04 09:00:00', '2025-11-04 11:00:00', 1),
(340, 11, 9, '2025-11-04 14:30:00', '2025-11-04 16:30:00', 1),
(341, 11, 9, '2025-11-04 19:00:00', '2025-11-04 21:00:00', 1),
(342, 12, 1, '2025-10-29 09:00:00', '2025-10-29 11:00:00', 1),
(343, 12, 1, '2025-10-29 14:30:00', '2025-10-29 16:30:00', 1),
(344, 12, 1, '2025-10-29 19:00:00', '2025-10-29 21:00:00', 1),
(345, 12, 1, '2025-10-30 09:00:00', '2025-10-30 11:00:00', 1),
(346, 12, 1, '2025-10-30 14:30:00', '2025-10-30 16:30:00', 1),
(347, 12, 1, '2025-10-30 19:00:00', '2025-10-30 21:00:00', 1),
(348, 12, 1, '2025-10-31 09:00:00', '2025-10-31 11:00:00', 1),
(349, 12, 1, '2025-10-31 14:30:00', '2025-10-31 16:30:00', 1),
(350, 12, 1, '2025-10-31 19:00:00', '2025-10-31 21:00:00', 1),
(351, 12, 1, '2025-11-01 09:00:00', '2025-11-01 11:00:00', 1),
(352, 12, 1, '2025-11-01 14:30:00', '2025-11-01 16:30:00', 1),
(353, 12, 1, '2025-11-01 19:00:00', '2025-11-01 21:00:00', 1),
(354, 12, 1, '2025-11-02 09:00:00', '2025-11-02 11:00:00', 1),
(355, 12, 1, '2025-11-02 14:30:00', '2025-11-02 16:30:00', 1),
(356, 12, 1, '2025-11-02 19:00:00', '2025-11-02 21:00:00', 1),
(357, 12, 1, '2025-11-03 09:00:00', '2025-11-03 11:00:00', 1),
(358, 12, 1, '2025-11-03 14:30:00', '2025-11-03 16:30:00', 1),
(359, 12, 1, '2025-11-03 19:00:00', '2025-11-03 21:00:00', 1),
(360, 12, 1, '2025-11-04 09:00:00', '2025-11-04 11:00:00', 1),
(361, 12, 1, '2025-11-04 14:30:00', '2025-11-04 16:30:00', 1),
(362, 12, 1, '2025-11-04 19:00:00', '2025-11-04 21:00:00', 1),
(363, 12, 3, '2025-10-29 09:00:00', '2025-10-29 11:00:00', 1),
(364, 12, 3, '2025-10-29 14:30:00', '2025-10-29 16:30:00', 1),
(365, 12, 3, '2025-10-29 19:00:00', '2025-10-29 21:00:00', 1),
(366, 12, 3, '2025-10-30 09:00:00', '2025-10-30 11:00:00', 1),
(367, 12, 3, '2025-10-30 14:30:00', '2025-10-30 16:30:00', 1),
(368, 12, 3, '2025-10-30 19:00:00', '2025-10-30 21:00:00', 1),
(369, 12, 3, '2025-10-31 09:00:00', '2025-10-31 11:00:00', 1),
(370, 12, 3, '2025-10-31 14:30:00', '2025-10-31 16:30:00', 1),
(371, 12, 3, '2025-10-31 19:00:00', '2025-10-31 21:00:00', 1),
(372, 12, 3, '2025-11-01 09:00:00', '2025-11-01 11:00:00', 1),
(373, 12, 3, '2025-11-01 14:30:00', '2025-11-01 16:30:00', 1),
(374, 12, 3, '2025-11-01 19:00:00', '2025-11-01 21:00:00', 1),
(375, 12, 3, '2025-11-02 09:00:00', '2025-11-02 11:00:00', 1),
(376, 12, 3, '2025-11-02 14:30:00', '2025-11-02 16:30:00', 1),
(377, 12, 3, '2025-11-02 19:00:00', '2025-11-02 21:00:00', 1),
(378, 12, 3, '2025-11-03 09:00:00', '2025-11-03 11:00:00', 1),
(379, 12, 3, '2025-11-03 14:30:00', '2025-11-03 16:30:00', 1),
(380, 12, 3, '2025-11-03 19:00:00', '2025-11-03 21:00:00', 1),
(381, 12, 3, '2025-11-04 09:00:00', '2025-11-04 11:00:00', 1),
(382, 12, 3, '2025-11-04 14:30:00', '2025-11-04 16:30:00', 1),
(383, 12, 3, '2025-11-04 19:00:00', '2025-11-04 21:00:00', 1),
(384, 12, 4, '2025-10-29 09:00:00', '2025-10-29 11:00:00', 1),
(385, 12, 4, '2025-10-29 14:30:00', '2025-10-29 16:30:00', 1),
(386, 12, 4, '2025-10-29 19:00:00', '2025-10-29 21:00:00', 1),
(387, 12, 4, '2025-10-30 09:00:00', '2025-10-30 11:00:00', 1),
(388, 12, 4, '2025-10-30 14:30:00', '2025-10-30 16:30:00', 1),
(389, 12, 4, '2025-10-30 19:00:00', '2025-10-30 21:00:00', 1),
(390, 12, 4, '2025-10-31 09:00:00', '2025-10-31 11:00:00', 1),
(391, 12, 4, '2025-10-31 14:30:00', '2025-10-31 16:30:00', 1),
(392, 12, 4, '2025-10-31 19:00:00', '2025-10-31 21:00:00', 1),
(393, 12, 4, '2025-11-01 09:00:00', '2025-11-01 11:00:00', 1),
(394, 12, 4, '2025-11-01 14:30:00', '2025-11-01 16:30:00', 1),
(395, 12, 4, '2025-11-01 19:00:00', '2025-11-01 21:00:00', 1),
(396, 12, 4, '2025-11-02 09:00:00', '2025-11-02 11:00:00', 1),
(397, 12, 4, '2025-11-02 14:30:00', '2025-11-02 16:30:00', 1),
(398, 12, 4, '2025-11-02 19:00:00', '2025-11-02 21:00:00', 1),
(399, 12, 4, '2025-11-03 09:00:00', '2025-11-03 11:00:00', 1),
(400, 12, 4, '2025-11-03 14:30:00', '2025-11-03 16:30:00', 1),
(401, 12, 4, '2025-11-03 19:00:00', '2025-11-03 21:00:00', 1),
(402, 12, 4, '2025-11-04 09:00:00', '2025-11-04 11:00:00', 1),
(403, 12, 4, '2025-11-04 14:30:00', '2025-11-04 16:30:00', 1),
(404, 12, 4, '2025-11-04 19:00:00', '2025-11-04 21:00:00', 1),
(405, 12, 5, '2025-10-29 09:00:00', '2025-10-29 11:00:00', 1),
(406, 12, 5, '2025-10-29 14:30:00', '2025-10-29 16:30:00', 1),
(407, 12, 5, '2025-10-29 19:00:00', '2025-10-29 21:00:00', 1),
(408, 12, 5, '2025-10-30 09:00:00', '2025-10-30 11:00:00', 1),
(409, 12, 5, '2025-10-30 14:30:00', '2025-10-30 16:30:00', 1),
(410, 12, 5, '2025-10-30 19:00:00', '2025-10-30 21:00:00', 1),
(411, 12, 5, '2025-10-31 09:00:00', '2025-10-31 11:00:00', 1),
(412, 12, 5, '2025-10-31 14:30:00', '2025-10-31 16:30:00', 1),
(413, 12, 5, '2025-10-31 19:00:00', '2025-10-31 21:00:00', 1),
(414, 12, 5, '2025-11-01 09:00:00', '2025-11-01 11:00:00', 1),
(415, 12, 5, '2025-11-01 14:30:00', '2025-11-01 16:30:00', 1),
(416, 12, 5, '2025-11-01 19:00:00', '2025-11-01 21:00:00', 1),
(417, 12, 5, '2025-11-02 09:00:00', '2025-11-02 11:00:00', 1),
(418, 12, 5, '2025-11-02 14:30:00', '2025-11-02 16:30:00', 1),
(419, 12, 5, '2025-11-02 19:00:00', '2025-11-02 21:00:00', 1),
(420, 12, 5, '2025-11-03 09:00:00', '2025-11-03 11:00:00', 1),
(421, 12, 5, '2025-11-03 14:30:00', '2025-11-03 16:30:00', 1),
(422, 12, 5, '2025-11-03 19:00:00', '2025-11-03 21:00:00', 1),
(423, 12, 5, '2025-11-04 09:00:00', '2025-11-04 11:00:00', 1),
(424, 12, 5, '2025-11-04 14:30:00', '2025-11-04 16:30:00', 1),
(425, 12, 5, '2025-11-04 19:00:00', '2025-11-04 21:00:00', 1),
(426, 12, 6, '2025-10-29 09:00:00', '2025-10-29 11:00:00', 1),
(427, 12, 6, '2025-10-29 14:30:00', '2025-10-29 16:30:00', 1),
(428, 12, 6, '2025-10-29 19:00:00', '2025-10-29 21:00:00', 1),
(429, 12, 6, '2025-10-30 09:00:00', '2025-10-30 11:00:00', 1),
(430, 12, 6, '2025-10-30 14:30:00', '2025-10-30 16:30:00', 1),
(431, 12, 6, '2025-10-30 19:00:00', '2025-10-30 21:00:00', 1),
(432, 12, 6, '2025-10-31 09:00:00', '2025-10-31 11:00:00', 1),
(433, 12, 6, '2025-10-31 14:30:00', '2025-10-31 16:30:00', 1),
(434, 12, 6, '2025-10-31 19:00:00', '2025-10-31 21:00:00', 1),
(435, 12, 6, '2025-11-01 09:00:00', '2025-11-01 11:00:00', 1),
(436, 12, 6, '2025-11-01 14:30:00', '2025-11-01 16:30:00', 1),
(437, 12, 6, '2025-11-01 19:00:00', '2025-11-01 21:00:00', 1),
(438, 12, 6, '2025-11-02 09:00:00', '2025-11-02 11:00:00', 1),
(439, 12, 6, '2025-11-02 14:30:00', '2025-11-02 16:30:00', 1),
(440, 12, 6, '2025-11-02 19:00:00', '2025-11-02 21:00:00', 1),
(441, 12, 6, '2025-11-03 09:00:00', '2025-11-03 11:00:00', 1),
(442, 12, 6, '2025-11-03 14:30:00', '2025-11-03 16:30:00', 1),
(443, 12, 6, '2025-11-03 19:00:00', '2025-11-03 21:00:00', 1),
(444, 12, 6, '2025-11-04 09:00:00', '2025-11-04 11:00:00', 1),
(445, 12, 6, '2025-11-04 14:30:00', '2025-11-04 16:30:00', 1),
(446, 12, 6, '2025-11-04 19:00:00', '2025-11-04 21:00:00', 1),
(447, 12, 7, '2025-10-29 09:00:00', '2025-10-29 11:00:00', 1),
(448, 12, 7, '2025-10-29 14:30:00', '2025-10-29 16:30:00', 1),
(449, 12, 7, '2025-10-29 19:00:00', '2025-10-29 21:00:00', 1),
(450, 12, 7, '2025-10-30 09:00:00', '2025-10-30 11:00:00', 1),
(451, 12, 7, '2025-10-30 14:30:00', '2025-10-30 16:30:00', 1),
(452, 12, 7, '2025-10-30 19:00:00', '2025-10-30 21:00:00', 1),
(453, 12, 7, '2025-10-31 09:00:00', '2025-10-31 11:00:00', 1),
(454, 12, 7, '2025-10-31 14:30:00', '2025-10-31 16:30:00', 1),
(455, 12, 7, '2025-10-31 19:00:00', '2025-10-31 21:00:00', 1),
(456, 12, 7, '2025-11-01 09:00:00', '2025-11-01 11:00:00', 1),
(457, 12, 7, '2025-11-01 14:30:00', '2025-11-01 16:30:00', 1),
(458, 12, 7, '2025-11-01 19:00:00', '2025-11-01 21:00:00', 1),
(459, 12, 7, '2025-11-02 09:00:00', '2025-11-02 11:00:00', 1),
(460, 12, 7, '2025-11-02 14:30:00', '2025-11-02 16:30:00', 1),
(461, 12, 7, '2025-11-02 19:00:00', '2025-11-02 21:00:00', 1),
(462, 12, 7, '2025-11-03 09:00:00', '2025-11-03 11:00:00', 1),
(463, 12, 7, '2025-11-03 14:30:00', '2025-11-03 16:30:00', 1),
(464, 12, 7, '2025-11-03 19:00:00', '2025-11-03 21:00:00', 1),
(465, 12, 7, '2025-11-04 09:00:00', '2025-11-04 11:00:00', 1),
(466, 12, 7, '2025-11-04 14:30:00', '2025-11-04 16:30:00', 1),
(467, 12, 7, '2025-11-04 19:00:00', '2025-11-04 21:00:00', 1),
(468, 12, 8, '2025-10-29 09:00:00', '2025-10-29 11:00:00', 1),
(469, 12, 8, '2025-10-29 14:30:00', '2025-10-29 16:30:00', 1),
(470, 12, 8, '2025-10-29 19:00:00', '2025-10-29 21:00:00', 1),
(471, 12, 8, '2025-10-30 09:00:00', '2025-10-30 11:00:00', 1),
(472, 12, 8, '2025-10-30 14:30:00', '2025-10-30 16:30:00', 1),
(473, 12, 8, '2025-10-30 19:00:00', '2025-10-30 21:00:00', 1),
(474, 12, 8, '2025-10-31 09:00:00', '2025-10-31 11:00:00', 1),
(475, 12, 8, '2025-10-31 14:30:00', '2025-10-31 16:30:00', 1),
(476, 12, 8, '2025-10-31 19:00:00', '2025-10-31 21:00:00', 1),
(477, 12, 8, '2025-11-01 09:00:00', '2025-11-01 11:00:00', 1),
(478, 12, 8, '2025-11-01 14:30:00', '2025-11-01 16:30:00', 1),
(479, 12, 8, '2025-11-01 19:00:00', '2025-11-01 21:00:00', 1),
(480, 12, 8, '2025-11-02 09:00:00', '2025-11-02 11:00:00', 1),
(481, 12, 8, '2025-11-02 14:30:00', '2025-11-02 16:30:00', 1),
(482, 12, 8, '2025-11-02 19:00:00', '2025-11-02 21:00:00', 1),
(483, 12, 8, '2025-11-03 09:00:00', '2025-11-03 11:00:00', 1),
(484, 12, 8, '2025-11-03 14:30:00', '2025-11-03 16:30:00', 1),
(485, 12, 8, '2025-11-03 19:00:00', '2025-11-03 21:00:00', 1),
(486, 12, 8, '2025-11-04 09:00:00', '2025-11-04 11:00:00', 1),
(487, 12, 8, '2025-11-04 14:30:00', '2025-11-04 16:30:00', 1),
(488, 12, 8, '2025-11-04 19:00:00', '2025-11-04 21:00:00', 1),
(489, 12, 9, '2025-10-29 09:00:00', '2025-10-29 11:00:00', 1),
(490, 12, 9, '2025-10-29 14:30:00', '2025-10-29 16:30:00', 1),
(491, 12, 9, '2025-10-29 19:00:00', '2025-10-29 21:00:00', 1),
(492, 12, 9, '2025-10-30 09:00:00', '2025-10-30 11:00:00', 1),
(493, 12, 9, '2025-10-30 14:30:00', '2025-10-30 16:30:00', 1),
(494, 12, 9, '2025-10-30 19:00:00', '2025-10-30 21:00:00', 1),
(495, 12, 9, '2025-10-31 09:00:00', '2025-10-31 11:00:00', 1),
(496, 12, 9, '2025-10-31 14:30:00', '2025-10-31 16:30:00', 1),
(497, 12, 9, '2025-10-31 19:00:00', '2025-10-31 21:00:00', 1),
(498, 12, 9, '2025-11-01 09:00:00', '2025-11-01 11:00:00', 1),
(499, 12, 9, '2025-11-01 14:30:00', '2025-11-01 16:30:00', 1),
(500, 12, 9, '2025-11-01 19:00:00', '2025-11-01 21:00:00', 1),
(501, 12, 9, '2025-11-02 09:00:00', '2025-11-02 11:00:00', 1),
(502, 12, 9, '2025-11-02 14:30:00', '2025-11-02 16:30:00', 1),
(503, 12, 9, '2025-11-02 19:00:00', '2025-11-02 21:00:00', 1),
(504, 12, 9, '2025-11-03 09:00:00', '2025-11-03 11:00:00', 1),
(505, 12, 9, '2025-11-03 14:30:00', '2025-11-03 16:30:00', 1),
(506, 12, 9, '2025-11-03 19:00:00', '2025-11-03 21:00:00', 1),
(507, 12, 9, '2025-11-04 09:00:00', '2025-11-04 11:00:00', 1),
(508, 12, 9, '2025-11-04 14:30:00', '2025-11-04 16:30:00', 1),
(509, 12, 9, '2025-11-04 19:00:00', '2025-11-04 21:00:00', 1),
(510, 1, 1, '2025-10-29 09:00:00', '2025-10-29 11:00:00', 1),
(511, 1, 1, '2025-10-29 14:30:00', '2025-10-29 16:30:00', 1),
(512, 1, 1, '2025-10-29 19:00:00', '2025-10-29 21:00:00', 1),
(513, 1, 1, '2025-10-30 09:00:00', '2025-10-30 11:00:00', 1),
(514, 1, 1, '2025-10-30 14:30:00', '2025-10-30 16:30:00', 1),
(515, 1, 1, '2025-10-30 19:00:00', '2025-10-30 21:00:00', 1),
(516, 1, 1, '2025-10-31 09:00:00', '2025-10-31 11:00:00', 1),
(517, 1, 1, '2025-10-31 14:30:00', '2025-10-31 16:30:00', 1),
(518, 1, 1, '2025-10-31 19:00:00', '2025-10-31 21:00:00', 1),
(519, 1, 1, '2025-11-01 09:00:00', '2025-11-01 11:00:00', 1),
(520, 1, 1, '2025-11-01 14:30:00', '2025-11-01 16:30:00', 1),
(521, 1, 1, '2025-11-01 19:00:00', '2025-11-01 21:00:00', 1),
(522, 1, 1, '2025-11-02 09:00:00', '2025-11-02 11:00:00', 1),
(523, 1, 1, '2025-11-02 14:30:00', '2025-11-02 16:30:00', 1),
(524, 1, 1, '2025-11-02 19:00:00', '2025-11-02 21:00:00', 1),
(525, 1, 1, '2025-11-03 09:00:00', '2025-11-03 11:00:00', 1),
(526, 1, 1, '2025-11-03 14:30:00', '2025-11-03 16:30:00', 1),
(527, 1, 1, '2025-11-03 19:00:00', '2025-11-03 21:00:00', 1),
(528, 1, 1, '2025-11-04 09:00:00', '2025-11-04 11:00:00', 1),
(529, 1, 1, '2025-11-04 14:30:00', '2025-11-04 16:30:00', 1),
(530, 1, 1, '2025-11-04 19:00:00', '2025-11-04 21:00:00', 1),
(531, 1, 3, '2025-10-29 09:00:00', '2025-10-29 11:00:00', 1),
(532, 1, 3, '2025-10-29 14:30:00', '2025-10-29 16:30:00', 1),
(533, 1, 3, '2025-10-29 19:00:00', '2025-10-29 21:00:00', 1),
(534, 1, 3, '2025-10-30 09:00:00', '2025-10-30 11:00:00', 1),
(535, 1, 3, '2025-10-30 14:30:00', '2025-10-30 16:30:00', 1),
(536, 1, 3, '2025-10-30 19:00:00', '2025-10-30 21:00:00', 1),
(537, 1, 3, '2025-10-31 09:00:00', '2025-10-31 11:00:00', 1),
(538, 1, 3, '2025-10-31 14:30:00', '2025-10-31 16:30:00', 1),
(539, 1, 3, '2025-10-31 19:00:00', '2025-10-31 21:00:00', 1),
(540, 1, 3, '2025-11-01 09:00:00', '2025-11-01 11:00:00', 1),
(541, 1, 3, '2025-11-01 14:30:00', '2025-11-01 16:30:00', 1),
(542, 1, 3, '2025-11-01 19:00:00', '2025-11-01 21:00:00', 1),
(543, 1, 3, '2025-11-02 09:00:00', '2025-11-02 11:00:00', 1),
(544, 1, 3, '2025-11-02 14:30:00', '2025-11-02 16:30:00', 1),
(545, 1, 3, '2025-11-02 19:00:00', '2025-11-02 21:00:00', 1),
(546, 1, 3, '2025-11-03 09:00:00', '2025-11-03 11:00:00', 1),
(547, 1, 3, '2025-11-03 14:30:00', '2025-11-03 16:30:00', 1),
(548, 1, 3, '2025-11-03 19:00:00', '2025-11-03 21:00:00', 1),
(549, 1, 3, '2025-11-04 09:00:00', '2025-11-04 11:00:00', 1),
(550, 1, 3, '2025-11-04 14:30:00', '2025-11-04 16:30:00', 1),
(551, 1, 3, '2025-11-04 19:00:00', '2025-11-04 21:00:00', 1),
(552, 1, 4, '2025-10-29 09:00:00', '2025-10-29 11:00:00', 1),
(553, 1, 4, '2025-10-29 14:30:00', '2025-10-29 16:30:00', 1),
(554, 1, 4, '2025-10-29 19:00:00', '2025-10-29 21:00:00', 1),
(555, 1, 4, '2025-10-30 09:00:00', '2025-10-30 11:00:00', 1),
(556, 1, 4, '2025-10-30 14:30:00', '2025-10-30 16:30:00', 1),
(557, 1, 4, '2025-10-30 19:00:00', '2025-10-30 21:00:00', 1),
(558, 1, 4, '2025-10-31 09:00:00', '2025-10-31 11:00:00', 1),
(559, 1, 4, '2025-10-31 14:30:00', '2025-10-31 16:30:00', 1),
(560, 1, 4, '2025-10-31 19:00:00', '2025-10-31 21:00:00', 1),
(561, 1, 4, '2025-11-01 09:00:00', '2025-11-01 11:00:00', 1),
(562, 1, 4, '2025-11-01 14:30:00', '2025-11-01 16:30:00', 1),
(563, 1, 4, '2025-11-01 19:00:00', '2025-11-01 21:00:00', 1),
(564, 1, 4, '2025-11-02 09:00:00', '2025-11-02 11:00:00', 1),
(565, 1, 4, '2025-11-02 14:30:00', '2025-11-02 16:30:00', 1),
(566, 1, 4, '2025-11-02 19:00:00', '2025-11-02 21:00:00', 1),
(567, 1, 4, '2025-11-03 09:00:00', '2025-11-03 11:00:00', 1),
(568, 1, 4, '2025-11-03 14:30:00', '2025-11-03 16:30:00', 1),
(569, 1, 4, '2025-11-03 19:00:00', '2025-11-03 21:00:00', 1),
(570, 1, 4, '2025-11-04 09:00:00', '2025-11-04 11:00:00', 1),
(571, 1, 4, '2025-11-04 14:30:00', '2025-11-04 16:30:00', 1),
(572, 1, 4, '2025-11-04 19:00:00', '2025-11-04 21:00:00', 1),
(573, 1, 5, '2025-10-29 09:00:00', '2025-10-29 11:00:00', 1),
(574, 1, 5, '2025-10-29 14:30:00', '2025-10-29 16:30:00', 1),
(575, 1, 5, '2025-10-29 19:00:00', '2025-10-29 21:00:00', 1),
(576, 1, 5, '2025-10-30 09:00:00', '2025-10-30 11:00:00', 1),
(577, 1, 5, '2025-10-30 14:30:00', '2025-10-30 16:30:00', 1),
(578, 1, 5, '2025-10-30 19:00:00', '2025-10-30 21:00:00', 1),
(579, 1, 5, '2025-10-31 09:00:00', '2025-10-31 11:00:00', 1),
(580, 1, 5, '2025-10-31 14:30:00', '2025-10-31 16:30:00', 1),
(581, 1, 5, '2025-10-31 19:00:00', '2025-10-31 21:00:00', 1),
(582, 1, 5, '2025-11-01 09:00:00', '2025-11-01 11:00:00', 1),
(583, 1, 5, '2025-11-01 14:30:00', '2025-11-01 16:30:00', 1),
(584, 1, 5, '2025-11-01 19:00:00', '2025-11-01 21:00:00', 1),
(585, 1, 5, '2025-11-02 09:00:00', '2025-11-02 11:00:00', 1),
(586, 1, 5, '2025-11-02 14:30:00', '2025-11-02 16:30:00', 1),
(587, 1, 5, '2025-11-02 19:00:00', '2025-11-02 21:00:00', 1),
(588, 1, 5, '2025-11-03 09:00:00', '2025-11-03 11:00:00', 1),
(589, 1, 5, '2025-11-03 14:30:00', '2025-11-03 16:30:00', 1),
(590, 1, 5, '2025-11-03 19:00:00', '2025-11-03 21:00:00', 1),
(591, 1, 5, '2025-11-04 09:00:00', '2025-11-04 11:00:00', 1),
(592, 1, 5, '2025-11-04 14:30:00', '2025-11-04 16:30:00', 1),
(593, 1, 5, '2025-11-04 19:00:00', '2025-11-04 21:00:00', 1),
(594, 1, 6, '2025-10-29 09:00:00', '2025-10-29 11:00:00', 1),
(595, 1, 6, '2025-10-29 14:30:00', '2025-10-29 16:30:00', 1),
(596, 1, 6, '2025-10-29 19:00:00', '2025-10-29 21:00:00', 1),
(597, 1, 6, '2025-10-30 09:00:00', '2025-10-30 11:00:00', 1),
(598, 1, 6, '2025-10-30 14:30:00', '2025-10-30 16:30:00', 1),
(599, 1, 6, '2025-10-30 19:00:00', '2025-10-30 21:00:00', 1),
(600, 1, 6, '2025-10-31 09:00:00', '2025-10-31 11:00:00', 1),
(601, 1, 6, '2025-10-31 14:30:00', '2025-10-31 16:30:00', 1),
(602, 1, 6, '2025-10-31 19:00:00', '2025-10-31 21:00:00', 1),
(603, 1, 6, '2025-11-01 09:00:00', '2025-11-01 11:00:00', 1),
(604, 1, 6, '2025-11-01 14:30:00', '2025-11-01 16:30:00', 1),
(605, 1, 6, '2025-11-01 19:00:00', '2025-11-01 21:00:00', 1),
(606, 1, 6, '2025-11-02 09:00:00', '2025-11-02 11:00:00', 1),
(607, 1, 6, '2025-11-02 14:30:00', '2025-11-02 16:30:00', 1),
(608, 1, 6, '2025-11-02 19:00:00', '2025-11-02 21:00:00', 1),
(609, 1, 6, '2025-11-03 09:00:00', '2025-11-03 11:00:00', 1),
(610, 1, 6, '2025-11-03 14:30:00', '2025-11-03 16:30:00', 1),
(611, 1, 6, '2025-11-03 19:00:00', '2025-11-03 21:00:00', 1),
(612, 1, 6, '2025-11-04 09:00:00', '2025-11-04 11:00:00', 1),
(613, 1, 6, '2025-11-04 14:30:00', '2025-11-04 16:30:00', 1),
(614, 1, 6, '2025-11-04 19:00:00', '2025-11-04 21:00:00', 1),
(615, 1, 7, '2025-10-29 09:00:00', '2025-10-29 11:00:00', 1),
(616, 1, 7, '2025-10-29 14:30:00', '2025-10-29 16:30:00', 1),
(617, 1, 7, '2025-10-29 19:00:00', '2025-10-29 21:00:00', 1),
(618, 1, 7, '2025-10-30 09:00:00', '2025-10-30 11:00:00', 1),
(619, 1, 7, '2025-10-30 14:30:00', '2025-10-30 16:30:00', 1),
(620, 1, 7, '2025-10-30 19:00:00', '2025-10-30 21:00:00', 1),
(621, 1, 7, '2025-10-31 09:00:00', '2025-10-31 11:00:00', 1),
(622, 1, 7, '2025-10-31 14:30:00', '2025-10-31 16:30:00', 1),
(623, 1, 7, '2025-10-31 19:00:00', '2025-10-31 21:00:00', 1),
(624, 1, 7, '2025-11-01 09:00:00', '2025-11-01 11:00:00', 1),
(625, 1, 7, '2025-11-01 14:30:00', '2025-11-01 16:30:00', 1),
(626, 1, 7, '2025-11-01 19:00:00', '2025-11-01 21:00:00', 1),
(627, 1, 7, '2025-11-02 09:00:00', '2025-11-02 11:00:00', 1),
(628, 1, 7, '2025-11-02 14:30:00', '2025-11-02 16:30:00', 1),
(629, 1, 7, '2025-11-02 19:00:00', '2025-11-02 21:00:00', 1),
(630, 1, 7, '2025-11-03 09:00:00', '2025-11-03 11:00:00', 1),
(631, 1, 7, '2025-11-03 14:30:00', '2025-11-03 16:30:00', 1),
(632, 1, 7, '2025-11-03 19:00:00', '2025-11-03 21:00:00', 1),
(633, 1, 7, '2025-11-04 09:00:00', '2025-11-04 11:00:00', 1),
(634, 1, 7, '2025-11-04 14:30:00', '2025-11-04 16:30:00', 1),
(635, 1, 7, '2025-11-04 19:00:00', '2025-11-04 21:00:00', 1),
(636, 1, 8, '2025-10-29 09:00:00', '2025-10-29 11:00:00', 1),
(637, 1, 8, '2025-10-29 14:30:00', '2025-10-29 16:30:00', 1),
(638, 1, 8, '2025-10-29 19:00:00', '2025-10-29 21:00:00', 1),
(639, 1, 8, '2025-10-30 09:00:00', '2025-10-30 11:00:00', 1),
(640, 1, 8, '2025-10-30 14:30:00', '2025-10-30 16:30:00', 1),
(641, 1, 8, '2025-10-30 19:00:00', '2025-10-30 21:00:00', 1),
(642, 1, 8, '2025-10-31 09:00:00', '2025-10-31 11:00:00', 1),
(643, 1, 8, '2025-10-31 14:30:00', '2025-10-31 16:30:00', 1),
(644, 1, 8, '2025-10-31 19:00:00', '2025-10-31 21:00:00', 1),
(645, 1, 8, '2025-11-01 09:00:00', '2025-11-01 11:00:00', 1),
(646, 1, 8, '2025-11-01 14:30:00', '2025-11-01 16:30:00', 1),
(647, 1, 8, '2025-11-01 19:00:00', '2025-11-01 21:00:00', 1),
(648, 1, 8, '2025-11-02 09:00:00', '2025-11-02 11:00:00', 1),
(649, 1, 8, '2025-11-02 14:30:00', '2025-11-02 16:30:00', 1),
(650, 1, 8, '2025-11-02 19:00:00', '2025-11-02 21:00:00', 1),
(651, 1, 8, '2025-11-03 09:00:00', '2025-11-03 11:00:00', 1),
(652, 1, 8, '2025-11-03 14:30:00', '2025-11-03 16:30:00', 1),
(653, 1, 8, '2025-11-03 19:00:00', '2025-11-03 21:00:00', 1),
(654, 1, 8, '2025-11-04 09:00:00', '2025-11-04 11:00:00', 1),
(655, 1, 8, '2025-11-04 14:30:00', '2025-11-04 16:30:00', 1),
(656, 1, 8, '2025-11-04 19:00:00', '2025-11-04 21:00:00', 1),
(657, 1, 9, '2025-10-29 09:00:00', '2025-10-29 11:00:00', 1),
(658, 1, 9, '2025-10-29 14:30:00', '2025-10-29 16:30:00', 1),
(659, 1, 9, '2025-10-29 19:00:00', '2025-10-29 21:00:00', 1),
(660, 1, 9, '2025-10-30 09:00:00', '2025-10-30 11:00:00', 1),
(661, 1, 9, '2025-10-30 14:30:00', '2025-10-30 16:30:00', 1),
(662, 1, 9, '2025-10-30 19:00:00', '2025-10-30 21:00:00', 1),
(663, 1, 9, '2025-10-31 09:00:00', '2025-10-31 11:00:00', 1),
(664, 1, 9, '2025-10-31 14:30:00', '2025-10-31 16:30:00', 1),
(665, 1, 9, '2025-10-31 19:00:00', '2025-10-31 21:00:00', 1),
(666, 1, 9, '2025-11-01 09:00:00', '2025-11-01 11:00:00', 1),
(667, 1, 9, '2025-11-01 14:30:00', '2025-11-01 16:30:00', 1),
(668, 1, 9, '2025-11-01 19:00:00', '2025-11-01 21:00:00', 1),
(669, 1, 9, '2025-11-02 09:00:00', '2025-11-02 11:00:00', 1),
(670, 1, 9, '2025-11-02 14:30:00', '2025-11-02 16:30:00', 1),
(671, 1, 9, '2025-11-02 19:00:00', '2025-11-02 21:00:00', 1),
(672, 1, 9, '2025-11-03 09:00:00', '2025-11-03 11:00:00', 1),
(673, 1, 9, '2025-11-03 14:30:00', '2025-11-03 16:30:00', 1),
(674, 1, 9, '2025-11-03 19:00:00', '2025-11-03 21:00:00', 1),
(675, 1, 9, '2025-11-04 09:00:00', '2025-11-04 11:00:00', 1),
(676, 1, 9, '2025-11-04 14:30:00', '2025-11-04 16:30:00', 1),
(677, 1, 9, '2025-11-04 19:00:00', '2025-11-04 21:00:00', 1),
(678, 1, 10, '2025-10-29 09:00:00', '2025-10-29 11:00:00', 1),
(679, 1, 10, '2025-10-29 14:30:00', '2025-10-29 16:30:00', 1),
(680, 1, 10, '2025-10-29 19:00:00', '2025-10-29 21:00:00', 1),
(681, 1, 10, '2025-10-30 09:00:00', '2025-10-30 11:00:00', 1),
(682, 1, 10, '2025-10-30 14:30:00', '2025-10-30 16:30:00', 1),
(683, 1, 10, '2025-10-30 19:00:00', '2025-10-30 21:00:00', 1),
(684, 1, 10, '2025-10-31 09:00:00', '2025-10-31 11:00:00', 1),
(685, 1, 10, '2025-10-31 14:30:00', '2025-10-31 16:30:00', 1),
(686, 1, 10, '2025-10-31 19:00:00', '2025-10-31 21:00:00', 1),
(687, 1, 10, '2025-11-01 09:00:00', '2025-11-01 11:00:00', 1),
(688, 1, 10, '2025-11-01 14:30:00', '2025-11-01 16:30:00', 1),
(689, 1, 10, '2025-11-01 19:00:00', '2025-11-01 21:00:00', 1),
(690, 1, 10, '2025-11-02 09:00:00', '2025-11-02 11:00:00', 1),
(691, 1, 10, '2025-11-02 14:30:00', '2025-11-02 16:30:00', 1),
(692, 1, 10, '2025-11-02 19:00:00', '2025-11-02 21:00:00', 1),
(693, 1, 10, '2025-11-03 09:00:00', '2025-11-03 11:00:00', 1),
(694, 1, 10, '2025-11-03 14:30:00', '2025-11-03 16:30:00', 1),
(695, 1, 10, '2025-11-03 19:00:00', '2025-11-03 21:00:00', 1),
(696, 1, 10, '2025-11-04 09:00:00', '2025-11-04 11:00:00', 1),
(697, 1, 10, '2025-11-04 14:30:00', '2025-11-04 16:30:00', 1),
(698, 1, 10, '2025-11-04 19:00:00', '2025-11-04 21:00:00', 1),
(699, 1, 11, '2025-10-29 09:00:00', '2025-10-29 11:00:00', 1),
(700, 1, 11, '2025-10-29 14:30:00', '2025-10-29 16:30:00', 1),
(701, 1, 11, '2025-10-29 19:00:00', '2025-10-29 21:00:00', 1),
(702, 1, 11, '2025-10-30 09:00:00', '2025-10-30 11:00:00', 1),
(703, 1, 11, '2025-10-30 14:30:00', '2025-10-30 16:30:00', 1),
(704, 1, 11, '2025-10-30 19:00:00', '2025-10-30 21:00:00', 1),
(705, 1, 11, '2025-10-31 09:00:00', '2025-10-31 11:00:00', 1),
(706, 1, 11, '2025-10-31 14:30:00', '2025-10-31 16:30:00', 1),
(707, 1, 11, '2025-10-31 19:00:00', '2025-10-31 21:00:00', 1),
(708, 1, 11, '2025-11-01 09:00:00', '2025-11-01 11:00:00', 1),
(709, 1, 11, '2025-11-01 14:30:00', '2025-11-01 16:30:00', 1),
(710, 1, 11, '2025-11-01 19:00:00', '2025-11-01 21:00:00', 1),
(711, 1, 11, '2025-11-02 09:00:00', '2025-11-02 11:00:00', 1),
(712, 1, 11, '2025-11-02 14:30:00', '2025-11-02 16:30:00', 1),
(713, 1, 11, '2025-11-02 19:00:00', '2025-11-02 21:00:00', 1),
(714, 1, 11, '2025-11-03 09:00:00', '2025-11-03 11:00:00', 1),
(715, 1, 11, '2025-11-03 14:30:00', '2025-11-03 16:30:00', 1),
(716, 1, 11, '2025-11-03 19:00:00', '2025-11-03 21:00:00', 1),
(717, 1, 11, '2025-11-04 09:00:00', '2025-11-04 11:00:00', 1),
(718, 1, 11, '2025-11-04 14:30:00', '2025-11-04 16:30:00', 1),
(719, 1, 11, '2025-11-04 19:00:00', '2025-11-04 21:00:00', 1),
(720, 1, 12, '2025-10-29 09:00:00', '2025-10-29 11:00:00', 1),
(721, 1, 12, '2025-10-29 14:30:00', '2025-10-29 16:30:00', 1),
(722, 1, 12, '2025-10-29 19:00:00', '2025-10-29 21:00:00', 1),
(723, 1, 12, '2025-10-30 09:00:00', '2025-10-30 11:00:00', 1),
(724, 1, 12, '2025-10-30 14:30:00', '2025-10-30 16:30:00', 1),
(725, 1, 12, '2025-10-30 19:00:00', '2025-10-30 21:00:00', 1),
(726, 1, 12, '2025-10-31 09:00:00', '2025-10-31 11:00:00', 1),
(727, 1, 12, '2025-10-31 14:30:00', '2025-10-31 16:30:00', 1),
(728, 1, 12, '2025-10-31 19:00:00', '2025-10-31 21:00:00', 1),
(729, 1, 12, '2025-11-01 09:00:00', '2025-11-01 11:00:00', 1),
(730, 1, 12, '2025-11-01 14:30:00', '2025-11-01 16:30:00', 1),
(731, 1, 12, '2025-11-01 19:00:00', '2025-11-01 21:00:00', 1),
(732, 1, 12, '2025-11-02 09:00:00', '2025-11-02 11:00:00', 1),
(733, 1, 12, '2025-11-02 14:30:00', '2025-11-02 16:30:00', 1),
(734, 1, 12, '2025-11-02 19:00:00', '2025-11-02 21:00:00', 1),
(735, 1, 12, '2025-11-03 09:00:00', '2025-11-03 11:00:00', 1),
(736, 1, 12, '2025-11-03 14:30:00', '2025-11-03 16:30:00', 1),
(737, 1, 12, '2025-11-03 19:00:00', '2025-11-03 21:00:00', 1),
(738, 1, 12, '2025-11-04 09:00:00', '2025-11-04 11:00:00', 1),
(739, 1, 12, '2025-11-04 14:30:00', '2025-11-04 16:30:00', 1),
(740, 1, 12, '2025-11-04 19:00:00', '2025-11-04 21:00:00', 1),
(741, 1, 13, '2025-10-29 09:00:00', '2025-10-29 11:00:00', 1),
(742, 1, 13, '2025-10-29 14:30:00', '2025-10-29 16:30:00', 1),
(743, 1, 13, '2025-10-29 19:00:00', '2025-10-29 21:00:00', 1),
(744, 1, 13, '2025-10-30 09:00:00', '2025-10-30 11:00:00', 1),
(745, 1, 13, '2025-10-30 14:30:00', '2025-10-30 16:30:00', 1),
(746, 1, 13, '2025-10-30 19:00:00', '2025-10-30 21:00:00', 1),
(747, 1, 13, '2025-10-31 09:00:00', '2025-10-31 11:00:00', 1),
(748, 1, 13, '2025-10-31 14:30:00', '2025-10-31 16:30:00', 1),
(749, 1, 13, '2025-10-31 19:00:00', '2025-10-31 21:00:00', 1),
(750, 1, 13, '2025-11-01 09:00:00', '2025-11-01 11:00:00', 1),
(751, 1, 13, '2025-11-01 14:30:00', '2025-11-01 16:30:00', 1),
(752, 1, 13, '2025-11-01 19:00:00', '2025-11-01 21:00:00', 1),
(753, 1, 13, '2025-11-02 09:00:00', '2025-11-02 11:00:00', 1),
(754, 1, 13, '2025-11-02 14:30:00', '2025-11-02 16:30:00', 1),
(755, 1, 13, '2025-11-02 19:00:00', '2025-11-02 21:00:00', 1),
(756, 1, 13, '2025-11-03 09:00:00', '2025-11-03 11:00:00', 1),
(757, 1, 13, '2025-11-03 14:30:00', '2025-11-03 16:30:00', 1),
(758, 1, 13, '2025-11-03 19:00:00', '2025-11-03 21:00:00', 1),
(759, 1, 13, '2025-11-04 09:00:00', '2025-11-04 11:00:00', 1),
(760, 1, 13, '2025-11-04 14:30:00', '2025-11-04 16:30:00', 1),
(761, 1, 13, '2025-11-04 19:00:00', '2025-11-04 21:00:00', 1),
(762, 11, 1, '2025-10-29 09:00:00', '2025-10-29 11:00:00', 1),
(763, 11, 1, '2025-10-29 14:30:00', '2025-10-29 16:30:00', 1),
(764, 11, 1, '2025-10-29 19:00:00', '2025-10-29 21:00:00', 1),
(765, 11, 1, '2025-10-30 09:00:00', '2025-10-30 11:00:00', 1),
(766, 11, 1, '2025-10-30 14:30:00', '2025-10-30 16:30:00', 1),
(767, 11, 1, '2025-10-30 19:00:00', '2025-10-30 21:00:00', 1),
(768, 11, 1, '2025-10-31 09:00:00', '2025-10-31 11:00:00', 1),
(769, 11, 1, '2025-10-31 14:30:00', '2025-10-31 16:30:00', 1),
(770, 11, 1, '2025-10-31 19:00:00', '2025-10-31 21:00:00', 1),
(771, 11, 1, '2025-11-01 09:00:00', '2025-11-01 11:00:00', 1),
(772, 11, 1, '2025-11-01 14:30:00', '2025-11-01 16:30:00', 1),
(773, 11, 1, '2025-11-01 19:00:00', '2025-11-01 21:00:00', 1),
(774, 11, 1, '2025-11-02 09:00:00', '2025-11-02 11:00:00', 1),
(775, 11, 1, '2025-11-02 14:30:00', '2025-11-02 16:30:00', 1),
(776, 11, 1, '2025-11-02 19:00:00', '2025-11-02 21:00:00', 1),
(777, 11, 1, '2025-11-03 09:00:00', '2025-11-03 11:00:00', 1),
(778, 11, 1, '2025-11-03 14:30:00', '2025-11-03 16:30:00', 1),
(779, 11, 1, '2025-11-03 19:00:00', '2025-11-03 21:00:00', 1),
(780, 11, 1, '2025-11-04 09:00:00', '2025-11-04 11:00:00', 1),
(781, 11, 1, '2025-11-04 14:30:00', '2025-11-04 16:30:00', 1),
(782, 11, 1, '2025-11-04 19:00:00', '2025-11-04 21:00:00', 1),
(783, 11, 3, '2025-10-29 09:00:00', '2025-10-29 11:00:00', 1),
(784, 11, 3, '2025-10-29 14:30:00', '2025-10-29 16:30:00', 1),
(785, 11, 3, '2025-10-29 19:00:00', '2025-10-29 21:00:00', 1),
(786, 11, 3, '2025-10-30 09:00:00', '2025-10-30 11:00:00', 1),
(787, 11, 3, '2025-10-30 14:30:00', '2025-10-30 16:30:00', 1),
(788, 11, 3, '2025-10-30 19:00:00', '2025-10-30 21:00:00', 1),
(789, 11, 3, '2025-10-31 09:00:00', '2025-10-31 11:00:00', 1),
(790, 11, 3, '2025-10-31 14:30:00', '2025-10-31 16:30:00', 1),
(791, 11, 3, '2025-10-31 19:00:00', '2025-10-31 21:00:00', 1),
(792, 11, 3, '2025-11-01 09:00:00', '2025-11-01 11:00:00', 1),
(793, 11, 3, '2025-11-01 14:30:00', '2025-11-01 16:30:00', 1),
(794, 11, 3, '2025-11-01 19:00:00', '2025-11-01 21:00:00', 1),
(795, 11, 3, '2025-11-02 09:00:00', '2025-11-02 11:00:00', 1),
(796, 11, 3, '2025-11-02 14:30:00', '2025-11-02 16:30:00', 1),
(797, 11, 3, '2025-11-02 19:00:00', '2025-11-02 21:00:00', 1),
(798, 11, 3, '2025-11-03 09:00:00', '2025-11-03 11:00:00', 1),
(799, 11, 3, '2025-11-03 14:30:00', '2025-11-03 16:30:00', 1),
(800, 11, 3, '2025-11-03 19:00:00', '2025-11-03 21:00:00', 1),
(801, 11, 3, '2025-11-04 09:00:00', '2025-11-04 11:00:00', 1),
(802, 11, 3, '2025-11-04 14:30:00', '2025-11-04 16:30:00', 1),
(803, 11, 3, '2025-11-04 19:00:00', '2025-11-04 21:00:00', 1),
(804, 11, 4, '2025-10-29 09:00:00', '2025-10-29 11:00:00', 1),
(805, 11, 4, '2025-10-29 14:30:00', '2025-10-29 16:30:00', 1),
(806, 11, 4, '2025-10-29 19:00:00', '2025-10-29 21:00:00', 1),
(807, 11, 4, '2025-10-30 09:00:00', '2025-10-30 11:00:00', 1),
(808, 11, 4, '2025-10-30 14:30:00', '2025-10-30 16:30:00', 1),
(809, 11, 4, '2025-10-30 19:00:00', '2025-10-30 21:00:00', 1),
(810, 11, 4, '2025-10-31 09:00:00', '2025-10-31 11:00:00', 1),
(811, 11, 4, '2025-10-31 14:30:00', '2025-10-31 16:30:00', 1),
(812, 11, 4, '2025-10-31 19:00:00', '2025-10-31 21:00:00', 1),
(813, 11, 4, '2025-11-01 09:00:00', '2025-11-01 11:00:00', 1),
(814, 11, 4, '2025-11-01 14:30:00', '2025-11-01 16:30:00', 1),
(815, 11, 4, '2025-11-01 19:00:00', '2025-11-01 21:00:00', 1),
(816, 11, 4, '2025-11-02 09:00:00', '2025-11-02 11:00:00', 1),
(817, 11, 4, '2025-11-02 14:30:00', '2025-11-02 16:30:00', 1),
(818, 11, 4, '2025-11-02 19:00:00', '2025-11-02 21:00:00', 1),
(819, 11, 4, '2025-11-03 09:00:00', '2025-11-03 11:00:00', 1),
(820, 11, 4, '2025-11-03 14:30:00', '2025-11-03 16:30:00', 1),
(821, 11, 4, '2025-11-03 19:00:00', '2025-11-03 21:00:00', 1),
(822, 11, 4, '2025-11-04 09:00:00', '2025-11-04 11:00:00', 1),
(823, 11, 4, '2025-11-04 14:30:00', '2025-11-04 16:30:00', 1),
(824, 11, 4, '2025-11-04 19:00:00', '2025-11-04 21:00:00', 1),
(825, 11, 5, '2025-10-29 09:00:00', '2025-10-29 11:00:00', 1),
(826, 11, 5, '2025-10-29 14:30:00', '2025-10-29 16:30:00', 1),
(827, 11, 5, '2025-10-29 19:00:00', '2025-10-29 21:00:00', 1);
INSERT INTO `suat_chieu` (`id`, `id_phim`, `id_phong`, `thoi_gian_bat_dau`, `thoi_gian_ket_thuc`, `trang_thai`) VALUES
(828, 11, 5, '2025-10-30 09:00:00', '2025-10-30 11:00:00', 1),
(829, 11, 5, '2025-10-30 14:30:00', '2025-10-30 16:30:00', 1),
(830, 11, 5, '2025-10-30 19:00:00', '2025-10-30 21:00:00', 1),
(831, 11, 5, '2025-10-31 09:00:00', '2025-10-31 11:00:00', 1),
(832, 11, 5, '2025-10-31 14:30:00', '2025-10-31 16:30:00', 1),
(833, 11, 5, '2025-10-31 19:00:00', '2025-10-31 21:00:00', 1),
(834, 11, 5, '2025-11-01 09:00:00', '2025-11-01 11:00:00', 1),
(835, 11, 5, '2025-11-01 14:30:00', '2025-11-01 16:30:00', 1),
(836, 11, 5, '2025-11-01 19:00:00', '2025-11-01 21:00:00', 1),
(837, 11, 5, '2025-11-02 09:00:00', '2025-11-02 11:00:00', 1),
(838, 11, 5, '2025-11-02 14:30:00', '2025-11-02 16:30:00', 1),
(839, 11, 5, '2025-11-02 19:00:00', '2025-11-02 21:00:00', 1),
(840, 11, 5, '2025-11-03 09:00:00', '2025-11-03 11:00:00', 1),
(841, 11, 5, '2025-11-03 14:30:00', '2025-11-03 16:30:00', 1),
(842, 11, 5, '2025-11-03 19:00:00', '2025-11-03 21:00:00', 1),
(843, 11, 5, '2025-11-04 09:00:00', '2025-11-04 11:00:00', 1),
(844, 11, 5, '2025-11-04 14:30:00', '2025-11-04 16:30:00', 1),
(845, 11, 5, '2025-11-04 19:00:00', '2025-11-04 21:00:00', 1),
(846, 11, 6, '2025-10-29 09:00:00', '2025-10-29 11:00:00', 1),
(847, 11, 6, '2025-10-29 14:30:00', '2025-10-29 16:30:00', 1),
(848, 11, 6, '2025-10-29 19:00:00', '2025-10-29 21:00:00', 1),
(849, 11, 6, '2025-10-30 09:00:00', '2025-10-30 11:00:00', 1),
(850, 11, 6, '2025-10-30 14:30:00', '2025-10-30 16:30:00', 1),
(851, 11, 6, '2025-10-30 19:00:00', '2025-10-30 21:00:00', 1),
(852, 11, 6, '2025-10-31 09:00:00', '2025-10-31 11:00:00', 1),
(853, 11, 6, '2025-10-31 14:30:00', '2025-10-31 16:30:00', 1),
(854, 11, 6, '2025-10-31 19:00:00', '2025-10-31 21:00:00', 1),
(855, 11, 6, '2025-11-01 09:00:00', '2025-11-01 11:00:00', 1),
(856, 11, 6, '2025-11-01 14:30:00', '2025-11-01 16:30:00', 1),
(857, 11, 6, '2025-11-01 19:00:00', '2025-11-01 21:00:00', 1),
(858, 11, 6, '2025-11-02 09:00:00', '2025-11-02 11:00:00', 1),
(859, 11, 6, '2025-11-02 14:30:00', '2025-11-02 16:30:00', 1),
(860, 11, 6, '2025-11-02 19:00:00', '2025-11-02 21:00:00', 1),
(861, 11, 6, '2025-11-03 09:00:00', '2025-11-03 11:00:00', 1),
(862, 11, 6, '2025-11-03 14:30:00', '2025-11-03 16:30:00', 1),
(863, 11, 6, '2025-11-03 19:00:00', '2025-11-03 21:00:00', 1),
(864, 11, 6, '2025-11-04 09:00:00', '2025-11-04 11:00:00', 1),
(865, 11, 6, '2025-11-04 14:30:00', '2025-11-04 16:30:00', 1),
(866, 11, 6, '2025-11-04 19:00:00', '2025-11-04 21:00:00', 1),
(867, 11, 7, '2025-10-29 09:00:00', '2025-10-29 11:00:00', 1),
(868, 11, 7, '2025-10-29 14:30:00', '2025-10-29 16:30:00', 1),
(869, 11, 7, '2025-10-29 19:00:00', '2025-10-29 21:00:00', 1),
(870, 11, 7, '2025-10-30 09:00:00', '2025-10-30 11:00:00', 1),
(871, 11, 7, '2025-10-30 14:30:00', '2025-10-30 16:30:00', 1),
(872, 11, 7, '2025-10-30 19:00:00', '2025-10-30 21:00:00', 1),
(873, 11, 7, '2025-10-31 09:00:00', '2025-10-31 11:00:00', 1),
(874, 11, 7, '2025-10-31 14:30:00', '2025-10-31 16:30:00', 1),
(875, 11, 7, '2025-10-31 19:00:00', '2025-10-31 21:00:00', 1),
(876, 11, 7, '2025-11-01 09:00:00', '2025-11-01 11:00:00', 1),
(877, 11, 7, '2025-11-01 14:30:00', '2025-11-01 16:30:00', 1),
(878, 11, 7, '2025-11-01 19:00:00', '2025-11-01 21:00:00', 1),
(879, 11, 7, '2025-11-02 09:00:00', '2025-11-02 11:00:00', 1),
(880, 11, 7, '2025-11-02 14:30:00', '2025-11-02 16:30:00', 1),
(881, 11, 7, '2025-11-02 19:00:00', '2025-11-02 21:00:00', 1),
(882, 11, 7, '2025-11-03 09:00:00', '2025-11-03 11:00:00', 1),
(883, 11, 7, '2025-11-03 14:30:00', '2025-11-03 16:30:00', 1),
(884, 11, 7, '2025-11-03 19:00:00', '2025-11-03 21:00:00', 1),
(885, 11, 7, '2025-11-04 09:00:00', '2025-11-04 11:00:00', 1),
(886, 11, 7, '2025-11-04 14:30:00', '2025-11-04 16:30:00', 1),
(887, 11, 7, '2025-11-04 19:00:00', '2025-11-04 21:00:00', 1),
(888, 11, 8, '2025-10-29 09:00:00', '2025-10-29 11:00:00', 1),
(889, 11, 8, '2025-10-29 14:30:00', '2025-10-29 16:30:00', 1),
(890, 11, 8, '2025-10-29 19:00:00', '2025-10-29 21:00:00', 1),
(891, 11, 8, '2025-10-30 09:00:00', '2025-10-30 11:00:00', 1),
(892, 11, 8, '2025-10-30 14:30:00', '2025-10-30 16:30:00', 1),
(893, 11, 8, '2025-10-30 19:00:00', '2025-10-30 21:00:00', 1),
(894, 11, 8, '2025-10-31 09:00:00', '2025-10-31 11:00:00', 1),
(895, 11, 8, '2025-10-31 14:30:00', '2025-10-31 16:30:00', 1),
(896, 11, 8, '2025-10-31 19:00:00', '2025-10-31 21:00:00', 1),
(897, 11, 8, '2025-11-01 09:00:00', '2025-11-01 11:00:00', 1),
(898, 11, 8, '2025-11-01 14:30:00', '2025-11-01 16:30:00', 1),
(899, 11, 8, '2025-11-01 19:00:00', '2025-11-01 21:00:00', 1),
(900, 11, 8, '2025-11-02 09:00:00', '2025-11-02 11:00:00', 1),
(901, 11, 8, '2025-11-02 14:30:00', '2025-11-02 16:30:00', 1),
(902, 11, 8, '2025-11-02 19:00:00', '2025-11-02 21:00:00', 1),
(903, 11, 8, '2025-11-03 09:00:00', '2025-11-03 11:00:00', 1),
(904, 11, 8, '2025-11-03 14:30:00', '2025-11-03 16:30:00', 1),
(905, 11, 8, '2025-11-03 19:00:00', '2025-11-03 21:00:00', 1),
(906, 11, 8, '2025-11-04 09:00:00', '2025-11-04 11:00:00', 1),
(907, 11, 8, '2025-11-04 14:30:00', '2025-11-04 16:30:00', 1),
(908, 11, 8, '2025-11-04 19:00:00', '2025-11-04 21:00:00', 1),
(909, 11, 9, '2025-10-29 09:00:00', '2025-10-29 11:00:00', 1),
(910, 11, 9, '2025-10-29 14:30:00', '2025-10-29 16:30:00', 1),
(911, 11, 9, '2025-10-29 19:00:00', '2025-10-29 21:00:00', 1),
(912, 11, 9, '2025-10-30 09:00:00', '2025-10-30 11:00:00', 1),
(913, 11, 9, '2025-10-30 14:30:00', '2025-10-30 16:30:00', 1),
(914, 11, 9, '2025-10-30 19:00:00', '2025-10-30 21:00:00', 1),
(915, 11, 9, '2025-10-31 09:00:00', '2025-10-31 11:00:00', 1),
(916, 11, 9, '2025-10-31 14:30:00', '2025-10-31 16:30:00', 1),
(917, 11, 9, '2025-10-31 19:00:00', '2025-10-31 21:00:00', 1),
(918, 11, 9, '2025-11-01 09:00:00', '2025-11-01 11:00:00', 1),
(919, 11, 9, '2025-11-01 14:30:00', '2025-11-01 16:30:00', 1),
(920, 11, 9, '2025-11-01 19:00:00', '2025-11-01 21:00:00', 1),
(921, 11, 9, '2025-11-02 09:00:00', '2025-11-02 11:00:00', 1),
(922, 11, 9, '2025-11-02 14:30:00', '2025-11-02 16:30:00', 1),
(923, 11, 9, '2025-11-02 19:00:00', '2025-11-02 21:00:00', 1),
(924, 11, 9, '2025-11-03 09:00:00', '2025-11-03 11:00:00', 1),
(925, 11, 9, '2025-11-03 14:30:00', '2025-11-03 16:30:00', 1),
(926, 11, 9, '2025-11-03 19:00:00', '2025-11-03 21:00:00', 1),
(927, 11, 9, '2025-11-04 09:00:00', '2025-11-04 11:00:00', 1),
(928, 11, 9, '2025-11-04 14:30:00', '2025-11-04 16:30:00', 1),
(929, 11, 9, '2025-11-04 19:00:00', '2025-11-04 21:00:00', 1),
(930, 11, 10, '2025-10-29 09:00:00', '2025-10-29 11:00:00', 1),
(931, 11, 10, '2025-10-29 14:30:00', '2025-10-29 16:30:00', 1),
(932, 11, 10, '2025-10-29 19:00:00', '2025-10-29 21:00:00', 1),
(933, 11, 10, '2025-10-30 09:00:00', '2025-10-30 11:00:00', 1),
(934, 11, 10, '2025-10-30 14:30:00', '2025-10-30 16:30:00', 1),
(935, 11, 10, '2025-10-30 19:00:00', '2025-10-30 21:00:00', 1),
(936, 11, 10, '2025-10-31 09:00:00', '2025-10-31 11:00:00', 1),
(937, 11, 10, '2025-10-31 14:30:00', '2025-10-31 16:30:00', 1),
(938, 11, 10, '2025-10-31 19:00:00', '2025-10-31 21:00:00', 1),
(939, 11, 10, '2025-11-01 09:00:00', '2025-11-01 11:00:00', 1),
(940, 11, 10, '2025-11-01 14:30:00', '2025-11-01 16:30:00', 1),
(941, 11, 10, '2025-11-01 19:00:00', '2025-11-01 21:00:00', 1),
(942, 11, 10, '2025-11-02 09:00:00', '2025-11-02 11:00:00', 1),
(943, 11, 10, '2025-11-02 14:30:00', '2025-11-02 16:30:00', 1),
(944, 11, 10, '2025-11-02 19:00:00', '2025-11-02 21:00:00', 1),
(945, 11, 10, '2025-11-03 09:00:00', '2025-11-03 11:00:00', 1),
(946, 11, 10, '2025-11-03 14:30:00', '2025-11-03 16:30:00', 1),
(947, 11, 10, '2025-11-03 19:00:00', '2025-11-03 21:00:00', 1),
(948, 11, 10, '2025-11-04 09:00:00', '2025-11-04 11:00:00', 1),
(949, 11, 10, '2025-11-04 14:30:00', '2025-11-04 16:30:00', 1),
(950, 11, 10, '2025-11-04 19:00:00', '2025-11-04 21:00:00', 1),
(951, 11, 11, '2025-10-29 09:00:00', '2025-10-29 11:00:00', 1),
(952, 11, 11, '2025-10-29 14:30:00', '2025-10-29 16:30:00', 1),
(953, 11, 11, '2025-10-29 19:00:00', '2025-10-29 21:00:00', 1),
(954, 11, 11, '2025-10-30 09:00:00', '2025-10-30 11:00:00', 1),
(955, 11, 11, '2025-10-30 14:30:00', '2025-10-30 16:30:00', 1),
(956, 11, 11, '2025-10-30 19:00:00', '2025-10-30 21:00:00', 1),
(957, 11, 11, '2025-10-31 09:00:00', '2025-10-31 11:00:00', 1),
(958, 11, 11, '2025-10-31 14:30:00', '2025-10-31 16:30:00', 1),
(959, 11, 11, '2025-10-31 19:00:00', '2025-10-31 21:00:00', 1),
(960, 11, 11, '2025-11-01 09:00:00', '2025-11-01 11:00:00', 1),
(961, 11, 11, '2025-11-01 14:30:00', '2025-11-01 16:30:00', 1),
(962, 11, 11, '2025-11-01 19:00:00', '2025-11-01 21:00:00', 1),
(963, 11, 11, '2025-11-02 09:00:00', '2025-11-02 11:00:00', 1),
(964, 11, 11, '2025-11-02 14:30:00', '2025-11-02 16:30:00', 1),
(965, 11, 11, '2025-11-02 19:00:00', '2025-11-02 21:00:00', 1),
(966, 11, 11, '2025-11-03 09:00:00', '2025-11-03 11:00:00', 1),
(967, 11, 11, '2025-11-03 14:30:00', '2025-11-03 16:30:00', 1),
(968, 11, 11, '2025-11-03 19:00:00', '2025-11-03 21:00:00', 1),
(969, 11, 11, '2025-11-04 09:00:00', '2025-11-04 11:00:00', 1),
(970, 11, 11, '2025-11-04 14:30:00', '2025-11-04 16:30:00', 1),
(971, 11, 11, '2025-11-04 19:00:00', '2025-11-04 21:00:00', 1),
(972, 11, 12, '2025-10-29 09:00:00', '2025-10-29 11:00:00', 1),
(973, 11, 12, '2025-10-29 14:30:00', '2025-10-29 16:30:00', 1),
(974, 11, 12, '2025-10-29 19:00:00', '2025-10-29 21:00:00', 1),
(975, 11, 12, '2025-10-30 09:00:00', '2025-10-30 11:00:00', 1),
(976, 11, 12, '2025-10-30 14:30:00', '2025-10-30 16:30:00', 1),
(977, 11, 12, '2025-10-30 19:00:00', '2025-10-30 21:00:00', 1),
(978, 11, 12, '2025-10-31 09:00:00', '2025-10-31 11:00:00', 1),
(979, 11, 12, '2025-10-31 14:30:00', '2025-10-31 16:30:00', 1),
(980, 11, 12, '2025-10-31 19:00:00', '2025-10-31 21:00:00', 1),
(981, 11, 12, '2025-11-01 09:00:00', '2025-11-01 11:00:00', 1),
(982, 11, 12, '2025-11-01 14:30:00', '2025-11-01 16:30:00', 1),
(983, 11, 12, '2025-11-01 19:00:00', '2025-11-01 21:00:00', 1),
(984, 11, 12, '2025-11-02 09:00:00', '2025-11-02 11:00:00', 1),
(985, 11, 12, '2025-11-02 14:30:00', '2025-11-02 16:30:00', 1),
(986, 11, 12, '2025-11-02 19:00:00', '2025-11-02 21:00:00', 1),
(987, 11, 12, '2025-11-03 09:00:00', '2025-11-03 11:00:00', 1),
(988, 11, 12, '2025-11-03 14:30:00', '2025-11-03 16:30:00', 1),
(989, 11, 12, '2025-11-03 19:00:00', '2025-11-03 21:00:00', 1),
(990, 11, 12, '2025-11-04 09:00:00', '2025-11-04 11:00:00', 1),
(991, 11, 12, '2025-11-04 14:30:00', '2025-11-04 16:30:00', 1),
(992, 11, 12, '2025-11-04 19:00:00', '2025-11-04 21:00:00', 1),
(993, 11, 13, '2025-10-29 09:00:00', '2025-10-29 11:00:00', 1),
(994, 11, 13, '2025-10-29 14:30:00', '2025-10-29 16:30:00', 1),
(995, 11, 13, '2025-10-29 19:00:00', '2025-10-29 21:00:00', 1),
(996, 11, 13, '2025-10-30 09:00:00', '2025-10-30 11:00:00', 1),
(997, 11, 13, '2025-10-30 14:30:00', '2025-10-30 16:30:00', 1),
(998, 11, 13, '2025-10-30 19:00:00', '2025-10-30 21:00:00', 1),
(999, 11, 13, '2025-10-31 09:00:00', '2025-10-31 11:00:00', 1),
(1000, 11, 13, '2025-10-31 14:30:00', '2025-10-31 16:30:00', 1),
(1001, 11, 13, '2025-10-31 19:00:00', '2025-10-31 21:00:00', 1),
(1002, 11, 13, '2025-11-01 09:00:00', '2025-11-01 11:00:00', 1),
(1003, 11, 13, '2025-11-01 14:30:00', '2025-11-01 16:30:00', 1),
(1004, 11, 13, '2025-11-01 19:00:00', '2025-11-01 21:00:00', 1),
(1005, 11, 13, '2025-11-02 09:00:00', '2025-11-02 11:00:00', 1),
(1006, 11, 13, '2025-11-02 14:30:00', '2025-11-02 16:30:00', 1),
(1007, 11, 13, '2025-11-02 19:00:00', '2025-11-02 21:00:00', 1),
(1008, 11, 13, '2025-11-03 09:00:00', '2025-11-03 11:00:00', 1),
(1009, 11, 13, '2025-11-03 14:30:00', '2025-11-03 16:30:00', 1),
(1010, 11, 13, '2025-11-03 19:00:00', '2025-11-03 21:00:00', 1),
(1011, 11, 13, '2025-11-04 09:00:00', '2025-11-04 11:00:00', 1),
(1012, 11, 13, '2025-11-04 14:30:00', '2025-11-04 16:30:00', 1),
(1013, 11, 13, '2025-11-04 19:00:00', '2025-11-04 21:00:00', 1),
(1014, 12, 1, '2025-10-29 09:00:00', '2025-10-29 11:00:00', 1),
(1015, 12, 1, '2025-10-29 14:30:00', '2025-10-29 16:30:00', 1),
(1016, 12, 1, '2025-10-29 19:00:00', '2025-10-29 21:00:00', 1),
(1017, 12, 1, '2025-10-30 09:00:00', '2025-10-30 11:00:00', 1),
(1018, 12, 1, '2025-10-30 14:30:00', '2025-10-30 16:30:00', 1),
(1019, 12, 1, '2025-10-30 19:00:00', '2025-10-30 21:00:00', 1),
(1020, 12, 1, '2025-10-31 09:00:00', '2025-10-31 11:00:00', 1),
(1021, 12, 1, '2025-10-31 14:30:00', '2025-10-31 16:30:00', 1),
(1022, 12, 1, '2025-10-31 19:00:00', '2025-10-31 21:00:00', 1),
(1023, 12, 1, '2025-11-01 09:00:00', '2025-11-01 11:00:00', 1),
(1024, 12, 1, '2025-11-01 14:30:00', '2025-11-01 16:30:00', 1),
(1025, 12, 1, '2025-11-01 19:00:00', '2025-11-01 21:00:00', 1),
(1026, 12, 1, '2025-11-02 09:00:00', '2025-11-02 11:00:00', 1),
(1027, 12, 1, '2025-11-02 14:30:00', '2025-11-02 16:30:00', 1),
(1028, 12, 1, '2025-11-02 19:00:00', '2025-11-02 21:00:00', 1),
(1029, 12, 1, '2025-11-03 09:00:00', '2025-11-03 11:00:00', 1),
(1030, 12, 1, '2025-11-03 14:30:00', '2025-11-03 16:30:00', 1),
(1031, 12, 1, '2025-11-03 19:00:00', '2025-11-03 21:00:00', 1),
(1032, 12, 1, '2025-11-04 09:00:00', '2025-11-04 11:00:00', 1),
(1033, 12, 1, '2025-11-04 14:30:00', '2025-11-04 16:30:00', 1),
(1034, 12, 1, '2025-11-04 19:00:00', '2025-11-04 21:00:00', 1),
(1035, 12, 3, '2025-10-29 09:00:00', '2025-10-29 11:00:00', 1),
(1036, 12, 3, '2025-10-29 14:30:00', '2025-10-29 16:30:00', 1),
(1037, 12, 3, '2025-10-29 19:00:00', '2025-10-29 21:00:00', 1),
(1038, 12, 3, '2025-10-30 09:00:00', '2025-10-30 11:00:00', 1),
(1039, 12, 3, '2025-10-30 14:30:00', '2025-10-30 16:30:00', 1),
(1040, 12, 3, '2025-10-30 19:00:00', '2025-10-30 21:00:00', 1),
(1041, 12, 3, '2025-10-31 09:00:00', '2025-10-31 11:00:00', 1),
(1042, 12, 3, '2025-10-31 14:30:00', '2025-10-31 16:30:00', 1),
(1043, 12, 3, '2025-10-31 19:00:00', '2025-10-31 21:00:00', 1),
(1044, 12, 3, '2025-11-01 09:00:00', '2025-11-01 11:00:00', 1),
(1045, 12, 3, '2025-11-01 14:30:00', '2025-11-01 16:30:00', 1),
(1046, 12, 3, '2025-11-01 19:00:00', '2025-11-01 21:00:00', 1),
(1047, 12, 3, '2025-11-02 09:00:00', '2025-11-02 11:00:00', 1),
(1048, 12, 3, '2025-11-02 14:30:00', '2025-11-02 16:30:00', 1),
(1049, 12, 3, '2025-11-02 19:00:00', '2025-11-02 21:00:00', 1),
(1050, 12, 3, '2025-11-03 09:00:00', '2025-11-03 11:00:00', 1),
(1051, 12, 3, '2025-11-03 14:30:00', '2025-11-03 16:30:00', 1),
(1052, 12, 3, '2025-11-03 19:00:00', '2025-11-03 21:00:00', 1),
(1053, 12, 3, '2025-11-04 09:00:00', '2025-11-04 11:00:00', 1),
(1054, 12, 3, '2025-11-04 14:30:00', '2025-11-04 16:30:00', 1),
(1055, 12, 3, '2025-11-04 19:00:00', '2025-11-04 21:00:00', 1),
(1056, 12, 4, '2025-10-29 09:00:00', '2025-10-29 11:00:00', 1),
(1057, 12, 4, '2025-10-29 14:30:00', '2025-10-29 16:30:00', 1),
(1058, 12, 4, '2025-10-29 19:00:00', '2025-10-29 21:00:00', 1),
(1059, 12, 4, '2025-10-30 09:00:00', '2025-10-30 11:00:00', 1),
(1060, 12, 4, '2025-10-30 14:30:00', '2025-10-30 16:30:00', 1),
(1061, 12, 4, '2025-10-30 19:00:00', '2025-10-30 21:00:00', 1),
(1062, 12, 4, '2025-10-31 09:00:00', '2025-10-31 11:00:00', 1),
(1063, 12, 4, '2025-10-31 14:30:00', '2025-10-31 16:30:00', 1),
(1064, 12, 4, '2025-10-31 19:00:00', '2025-10-31 21:00:00', 1),
(1065, 12, 4, '2025-11-01 09:00:00', '2025-11-01 11:00:00', 1),
(1066, 12, 4, '2025-11-01 14:30:00', '2025-11-01 16:30:00', 1),
(1067, 12, 4, '2025-11-01 19:00:00', '2025-11-01 21:00:00', 1),
(1068, 12, 4, '2025-11-02 09:00:00', '2025-11-02 11:00:00', 1),
(1069, 12, 4, '2025-11-02 14:30:00', '2025-11-02 16:30:00', 1),
(1070, 12, 4, '2025-11-02 19:00:00', '2025-11-02 21:00:00', 1),
(1071, 12, 4, '2025-11-03 09:00:00', '2025-11-03 11:00:00', 1),
(1072, 12, 4, '2025-11-03 14:30:00', '2025-11-03 16:30:00', 1),
(1073, 12, 4, '2025-11-03 19:00:00', '2025-11-03 21:00:00', 1),
(1074, 12, 4, '2025-11-04 09:00:00', '2025-11-04 11:00:00', 1),
(1075, 12, 4, '2025-11-04 14:30:00', '2025-11-04 16:30:00', 1),
(1076, 12, 4, '2025-11-04 19:00:00', '2025-11-04 21:00:00', 1),
(1077, 12, 5, '2025-10-29 09:00:00', '2025-10-29 11:00:00', 1),
(1078, 12, 5, '2025-10-29 14:30:00', '2025-10-29 16:30:00', 1),
(1079, 12, 5, '2025-10-29 19:00:00', '2025-10-29 21:00:00', 1),
(1080, 12, 5, '2025-10-30 09:00:00', '2025-10-30 11:00:00', 1),
(1081, 12, 5, '2025-10-30 14:30:00', '2025-10-30 16:30:00', 1),
(1082, 12, 5, '2025-10-30 19:00:00', '2025-10-30 21:00:00', 1),
(1083, 12, 5, '2025-10-31 09:00:00', '2025-10-31 11:00:00', 1),
(1084, 12, 5, '2025-10-31 14:30:00', '2025-10-31 16:30:00', 1),
(1085, 12, 5, '2025-10-31 19:00:00', '2025-10-31 21:00:00', 1),
(1086, 12, 5, '2025-11-01 09:00:00', '2025-11-01 11:00:00', 1),
(1087, 12, 5, '2025-11-01 14:30:00', '2025-11-01 16:30:00', 1),
(1088, 12, 5, '2025-11-01 19:00:00', '2025-11-01 21:00:00', 1),
(1089, 12, 5, '2025-11-02 09:00:00', '2025-11-02 11:00:00', 1),
(1090, 12, 5, '2025-11-02 14:30:00', '2025-11-02 16:30:00', 1),
(1091, 12, 5, '2025-11-02 19:00:00', '2025-11-02 21:00:00', 1),
(1092, 12, 5, '2025-11-03 09:00:00', '2025-11-03 11:00:00', 1),
(1093, 12, 5, '2025-11-03 14:30:00', '2025-11-03 16:30:00', 1),
(1094, 12, 5, '2025-11-03 19:00:00', '2025-11-03 21:00:00', 1),
(1095, 12, 5, '2025-11-04 09:00:00', '2025-11-04 11:00:00', 1),
(1096, 12, 5, '2025-11-04 14:30:00', '2025-11-04 16:30:00', 1),
(1097, 12, 5, '2025-11-04 19:00:00', '2025-11-04 21:00:00', 1),
(1098, 12, 6, '2025-10-29 09:00:00', '2025-10-29 11:00:00', 1),
(1099, 12, 6, '2025-10-29 14:30:00', '2025-10-29 16:30:00', 1),
(1100, 12, 6, '2025-10-29 19:00:00', '2025-10-29 21:00:00', 1),
(1101, 12, 6, '2025-10-30 09:00:00', '2025-10-30 11:00:00', 1),
(1102, 12, 6, '2025-10-30 14:30:00', '2025-10-30 16:30:00', 1),
(1103, 12, 6, '2025-10-30 19:00:00', '2025-10-30 21:00:00', 1),
(1104, 12, 6, '2025-10-31 09:00:00', '2025-10-31 11:00:00', 1),
(1105, 12, 6, '2025-10-31 14:30:00', '2025-10-31 16:30:00', 1),
(1106, 12, 6, '2025-10-31 19:00:00', '2025-10-31 21:00:00', 1),
(1107, 12, 6, '2025-11-01 09:00:00', '2025-11-01 11:00:00', 1),
(1108, 12, 6, '2025-11-01 14:30:00', '2025-11-01 16:30:00', 1),
(1109, 12, 6, '2025-11-01 19:00:00', '2025-11-01 21:00:00', 1),
(1110, 12, 6, '2025-11-02 09:00:00', '2025-11-02 11:00:00', 1),
(1111, 12, 6, '2025-11-02 14:30:00', '2025-11-02 16:30:00', 1),
(1112, 12, 6, '2025-11-02 19:00:00', '2025-11-02 21:00:00', 1),
(1113, 12, 6, '2025-11-03 09:00:00', '2025-11-03 11:00:00', 1),
(1114, 12, 6, '2025-11-03 14:30:00', '2025-11-03 16:30:00', 1),
(1115, 12, 6, '2025-11-03 19:00:00', '2025-11-03 21:00:00', 1),
(1116, 12, 6, '2025-11-04 09:00:00', '2025-11-04 11:00:00', 1),
(1117, 12, 6, '2025-11-04 14:30:00', '2025-11-04 16:30:00', 1),
(1118, 12, 6, '2025-11-04 19:00:00', '2025-11-04 21:00:00', 1),
(1119, 12, 7, '2025-10-29 09:00:00', '2025-10-29 11:00:00', 1),
(1120, 12, 7, '2025-10-29 14:30:00', '2025-10-29 16:30:00', 1),
(1121, 12, 7, '2025-10-29 19:00:00', '2025-10-29 21:00:00', 1),
(1122, 12, 7, '2025-10-30 09:00:00', '2025-10-30 11:00:00', 1),
(1123, 12, 7, '2025-10-30 14:30:00', '2025-10-30 16:30:00', 1),
(1124, 12, 7, '2025-10-30 19:00:00', '2025-10-30 21:00:00', 1),
(1125, 12, 7, '2025-10-31 09:00:00', '2025-10-31 11:00:00', 1),
(1126, 12, 7, '2025-10-31 14:30:00', '2025-10-31 16:30:00', 1),
(1127, 12, 7, '2025-10-31 19:00:00', '2025-10-31 21:00:00', 1),
(1128, 12, 7, '2025-11-01 09:00:00', '2025-11-01 11:00:00', 1),
(1129, 12, 7, '2025-11-01 14:30:00', '2025-11-01 16:30:00', 1),
(1130, 12, 7, '2025-11-01 19:00:00', '2025-11-01 21:00:00', 1),
(1131, 12, 7, '2025-11-02 09:00:00', '2025-11-02 11:00:00', 1),
(1132, 12, 7, '2025-11-02 14:30:00', '2025-11-02 16:30:00', 1),
(1133, 12, 7, '2025-11-02 19:00:00', '2025-11-02 21:00:00', 1),
(1134, 12, 7, '2025-11-03 09:00:00', '2025-11-03 11:00:00', 1),
(1135, 12, 7, '2025-11-03 14:30:00', '2025-11-03 16:30:00', 1),
(1136, 12, 7, '2025-11-03 19:00:00', '2025-11-03 21:00:00', 1),
(1137, 12, 7, '2025-11-04 09:00:00', '2025-11-04 11:00:00', 1),
(1138, 12, 7, '2025-11-04 14:30:00', '2025-11-04 16:30:00', 1),
(1139, 12, 7, '2025-11-04 19:00:00', '2025-11-04 21:00:00', 1),
(1140, 12, 8, '2025-10-29 09:00:00', '2025-10-29 11:00:00', 1),
(1141, 12, 8, '2025-10-29 14:30:00', '2025-10-29 16:30:00', 1),
(1142, 12, 8, '2025-10-29 19:00:00', '2025-10-29 21:00:00', 1),
(1143, 12, 8, '2025-10-30 09:00:00', '2025-10-30 11:00:00', 1),
(1144, 12, 8, '2025-10-30 14:30:00', '2025-10-30 16:30:00', 1),
(1145, 12, 8, '2025-10-30 19:00:00', '2025-10-30 21:00:00', 1),
(1146, 12, 8, '2025-10-31 09:00:00', '2025-10-31 11:00:00', 1),
(1147, 12, 8, '2025-10-31 14:30:00', '2025-10-31 16:30:00', 1),
(1148, 12, 8, '2025-10-31 19:00:00', '2025-10-31 21:00:00', 1),
(1149, 12, 8, '2025-11-01 09:00:00', '2025-11-01 11:00:00', 1),
(1150, 12, 8, '2025-11-01 14:30:00', '2025-11-01 16:30:00', 1),
(1151, 12, 8, '2025-11-01 19:00:00', '2025-11-01 21:00:00', 1),
(1152, 12, 8, '2025-11-02 09:00:00', '2025-11-02 11:00:00', 1),
(1153, 12, 8, '2025-11-02 14:30:00', '2025-11-02 16:30:00', 1),
(1154, 12, 8, '2025-11-02 19:00:00', '2025-11-02 21:00:00', 1),
(1155, 12, 8, '2025-11-03 09:00:00', '2025-11-03 11:00:00', 1),
(1156, 12, 8, '2025-11-03 14:30:00', '2025-11-03 16:30:00', 1),
(1157, 12, 8, '2025-11-03 19:00:00', '2025-11-03 21:00:00', 1),
(1158, 12, 8, '2025-11-04 09:00:00', '2025-11-04 11:00:00', 1),
(1159, 12, 8, '2025-11-04 14:30:00', '2025-11-04 16:30:00', 1),
(1160, 12, 8, '2025-11-04 19:00:00', '2025-11-04 21:00:00', 1),
(1161, 12, 9, '2025-10-29 09:00:00', '2025-10-29 11:00:00', 1),
(1162, 12, 9, '2025-10-29 14:30:00', '2025-10-29 16:30:00', 1),
(1163, 12, 9, '2025-10-29 19:00:00', '2025-10-29 21:00:00', 1),
(1164, 12, 9, '2025-10-30 09:00:00', '2025-10-30 11:00:00', 1),
(1165, 12, 9, '2025-10-30 14:30:00', '2025-10-30 16:30:00', 1),
(1166, 12, 9, '2025-10-30 19:00:00', '2025-10-30 21:00:00', 1),
(1167, 12, 9, '2025-10-31 09:00:00', '2025-10-31 11:00:00', 1),
(1168, 12, 9, '2025-10-31 14:30:00', '2025-10-31 16:30:00', 1),
(1169, 12, 9, '2025-10-31 19:00:00', '2025-10-31 21:00:00', 1),
(1170, 12, 9, '2025-11-01 09:00:00', '2025-11-01 11:00:00', 1),
(1171, 12, 9, '2025-11-01 14:30:00', '2025-11-01 16:30:00', 1),
(1172, 12, 9, '2025-11-01 19:00:00', '2025-11-01 21:00:00', 1),
(1173, 12, 9, '2025-11-02 09:00:00', '2025-11-02 11:00:00', 1),
(1174, 12, 9, '2025-11-02 14:30:00', '2025-11-02 16:30:00', 1),
(1175, 12, 9, '2025-11-02 19:00:00', '2025-11-02 21:00:00', 1),
(1176, 12, 9, '2025-11-03 09:00:00', '2025-11-03 11:00:00', 1),
(1177, 12, 9, '2025-11-03 14:30:00', '2025-11-03 16:30:00', 1),
(1178, 12, 9, '2025-11-03 19:00:00', '2025-11-03 21:00:00', 1),
(1179, 12, 9, '2025-11-04 09:00:00', '2025-11-04 11:00:00', 1),
(1180, 12, 9, '2025-11-04 14:30:00', '2025-11-04 16:30:00', 1),
(1181, 12, 9, '2025-11-04 19:00:00', '2025-11-04 21:00:00', 1),
(1182, 12, 10, '2025-10-29 09:00:00', '2025-10-29 11:00:00', 1),
(1183, 12, 10, '2025-10-29 14:30:00', '2025-10-29 16:30:00', 1),
(1184, 12, 10, '2025-10-29 19:00:00', '2025-10-29 21:00:00', 1),
(1185, 12, 10, '2025-10-30 09:00:00', '2025-10-30 11:00:00', 1),
(1186, 12, 10, '2025-10-30 14:30:00', '2025-10-30 16:30:00', 1),
(1187, 12, 10, '2025-10-30 19:00:00', '2025-10-30 21:00:00', 1),
(1188, 12, 10, '2025-10-31 09:00:00', '2025-10-31 11:00:00', 1),
(1189, 12, 10, '2025-10-31 14:30:00', '2025-10-31 16:30:00', 1),
(1190, 12, 10, '2025-10-31 19:00:00', '2025-10-31 21:00:00', 1),
(1191, 12, 10, '2025-11-01 09:00:00', '2025-11-01 11:00:00', 1),
(1192, 12, 10, '2025-11-01 14:30:00', '2025-11-01 16:30:00', 1),
(1193, 12, 10, '2025-11-01 19:00:00', '2025-11-01 21:00:00', 1),
(1194, 12, 10, '2025-11-02 09:00:00', '2025-11-02 11:00:00', 1),
(1195, 12, 10, '2025-11-02 14:30:00', '2025-11-02 16:30:00', 1),
(1196, 12, 10, '2025-11-02 19:00:00', '2025-11-02 21:00:00', 1),
(1197, 12, 10, '2025-11-03 09:00:00', '2025-11-03 11:00:00', 1),
(1198, 12, 10, '2025-11-03 14:30:00', '2025-11-03 16:30:00', 1),
(1199, 12, 10, '2025-11-03 19:00:00', '2025-11-03 21:00:00', 1),
(1200, 12, 10, '2025-11-04 09:00:00', '2025-11-04 11:00:00', 1),
(1201, 12, 10, '2025-11-04 14:30:00', '2025-11-04 16:30:00', 1),
(1202, 12, 10, '2025-11-04 19:00:00', '2025-11-04 21:00:00', 1),
(1203, 12, 11, '2025-10-29 09:00:00', '2025-10-29 11:00:00', 1),
(1204, 12, 11, '2025-10-29 14:30:00', '2025-10-29 16:30:00', 1),
(1205, 12, 11, '2025-10-29 19:00:00', '2025-10-29 21:00:00', 1),
(1206, 12, 11, '2025-10-30 09:00:00', '2025-10-30 11:00:00', 1),
(1207, 12, 11, '2025-10-30 14:30:00', '2025-10-30 16:30:00', 1),
(1208, 12, 11, '2025-10-30 19:00:00', '2025-10-30 21:00:00', 1),
(1209, 12, 11, '2025-10-31 09:00:00', '2025-10-31 11:00:00', 1),
(1210, 12, 11, '2025-10-31 14:30:00', '2025-10-31 16:30:00', 1),
(1211, 12, 11, '2025-10-31 19:00:00', '2025-10-31 21:00:00', 1),
(1212, 12, 11, '2025-11-01 09:00:00', '2025-11-01 11:00:00', 1),
(1213, 12, 11, '2025-11-01 14:30:00', '2025-11-01 16:30:00', 1),
(1214, 12, 11, '2025-11-01 19:00:00', '2025-11-01 21:00:00', 1),
(1215, 12, 11, '2025-11-02 09:00:00', '2025-11-02 11:00:00', 1),
(1216, 12, 11, '2025-11-02 14:30:00', '2025-11-02 16:30:00', 1),
(1217, 12, 11, '2025-11-02 19:00:00', '2025-11-02 21:00:00', 1),
(1218, 12, 11, '2025-11-03 09:00:00', '2025-11-03 11:00:00', 1),
(1219, 12, 11, '2025-11-03 14:30:00', '2025-11-03 16:30:00', 1),
(1220, 12, 11, '2025-11-03 19:00:00', '2025-11-03 21:00:00', 1),
(1221, 12, 11, '2025-11-04 09:00:00', '2025-11-04 11:00:00', 1),
(1222, 12, 11, '2025-11-04 14:30:00', '2025-11-04 16:30:00', 1),
(1223, 12, 11, '2025-11-04 19:00:00', '2025-11-04 21:00:00', 1),
(1224, 12, 12, '2025-10-29 09:00:00', '2025-10-29 11:00:00', 1),
(1225, 12, 12, '2025-10-29 14:30:00', '2025-10-29 16:30:00', 1),
(1226, 12, 12, '2025-10-29 19:00:00', '2025-10-29 21:00:00', 1),
(1227, 12, 12, '2025-10-30 09:00:00', '2025-10-30 11:00:00', 1),
(1228, 12, 12, '2025-10-30 14:30:00', '2025-10-30 16:30:00', 1),
(1229, 12, 12, '2025-10-30 19:00:00', '2025-10-30 21:00:00', 1),
(1230, 12, 12, '2025-10-31 09:00:00', '2025-10-31 11:00:00', 1),
(1231, 12, 12, '2025-10-31 14:30:00', '2025-10-31 16:30:00', 1),
(1232, 12, 12, '2025-10-31 19:00:00', '2025-10-31 21:00:00', 1),
(1233, 12, 12, '2025-11-01 09:00:00', '2025-11-01 11:00:00', 1),
(1234, 12, 12, '2025-11-01 14:30:00', '2025-11-01 16:30:00', 1),
(1235, 12, 12, '2025-11-01 19:00:00', '2025-11-01 21:00:00', 1),
(1236, 12, 12, '2025-11-02 09:00:00', '2025-11-02 11:00:00', 1),
(1237, 12, 12, '2025-11-02 14:30:00', '2025-11-02 16:30:00', 1),
(1238, 12, 12, '2025-11-02 19:00:00', '2025-11-02 21:00:00', 1),
(1239, 12, 12, '2025-11-03 09:00:00', '2025-11-03 11:00:00', 1),
(1240, 12, 12, '2025-11-03 14:30:00', '2025-11-03 16:30:00', 1),
(1241, 12, 12, '2025-11-03 19:00:00', '2025-11-03 21:00:00', 1),
(1242, 12, 12, '2025-11-04 09:00:00', '2025-11-04 11:00:00', 1),
(1243, 12, 12, '2025-11-04 14:30:00', '2025-11-04 16:30:00', 1),
(1244, 12, 12, '2025-11-04 19:00:00', '2025-11-04 21:00:00', 1),
(1245, 12, 13, '2025-10-29 09:00:00', '2025-10-29 11:00:00', 1),
(1246, 12, 13, '2025-10-29 14:30:00', '2025-10-29 16:30:00', 1),
(1247, 12, 13, '2025-10-29 19:00:00', '2025-10-29 21:00:00', 1),
(1248, 12, 13, '2025-10-30 09:00:00', '2025-10-30 11:00:00', 1),
(1249, 12, 13, '2025-10-30 14:30:00', '2025-10-30 16:30:00', 1),
(1250, 12, 13, '2025-10-30 19:00:00', '2025-10-30 21:00:00', 1),
(1251, 12, 13, '2025-10-31 09:00:00', '2025-10-31 11:00:00', 1),
(1252, 12, 13, '2025-10-31 14:30:00', '2025-10-31 16:30:00', 1),
(1253, 12, 13, '2025-10-31 19:00:00', '2025-10-31 21:00:00', 1),
(1254, 12, 13, '2025-11-01 09:00:00', '2025-11-01 11:00:00', 1),
(1255, 12, 13, '2025-11-01 14:30:00', '2025-11-01 16:30:00', 1),
(1256, 12, 13, '2025-11-01 19:00:00', '2025-11-01 21:00:00', 1),
(1257, 12, 13, '2025-11-02 09:00:00', '2025-11-02 11:00:00', 1),
(1258, 12, 13, '2025-11-02 14:30:00', '2025-11-02 16:30:00', 1),
(1259, 12, 13, '2025-11-02 19:00:00', '2025-11-02 21:00:00', 1),
(1260, 12, 13, '2025-11-03 09:00:00', '2025-11-03 11:00:00', 1),
(1261, 12, 13, '2025-11-03 14:30:00', '2025-11-03 16:30:00', 1),
(1262, 12, 13, '2025-11-03 19:00:00', '2025-11-03 21:00:00', 1),
(1263, 12, 13, '2025-11-04 09:00:00', '2025-11-04 11:00:00', 1),
(1264, 12, 13, '2025-11-04 14:30:00', '2025-11-04 16:30:00', 1),
(1265, 12, 13, '2025-11-04 19:00:00', '2025-11-04 21:00:00', 1),
(1266, 23, 14, '2025-11-09 07:21:00', '2025-11-30 07:26:00', 1);

-- --------------------------------------------------------

--
-- Cấu trúc bảng cho bảng `thanh_toan`
--

CREATE TABLE `thanh_toan` (
  `id` int NOT NULL,
  `id_dat_ve` int DEFAULT NULL,
  `phuong_thuc` varchar(50) DEFAULT NULL,
  `so_tien` decimal(10,2) DEFAULT NULL,
  `ma_giao_dich` varchar(100) DEFAULT NULL,
  `trang_thai` tinyint(1) DEFAULT NULL,
  `thoi_gian` datetime DEFAULT NULL
) ENGINE=InnoDB DEFAULT CHARSET=utf8mb4 COLLATE=utf8mb4_0900_ai_ci;

--
-- Đang đổ dữ liệu cho bảng `thanh_toan`
--

INSERT INTO `thanh_toan` (`id`, `id_dat_ve`, `phuong_thuc`, `so_tien`, `ma_giao_dich`, `trang_thai`, `thoi_gian`) VALUES
(1, 1, 'VNPAY', 144000.00, 'DEMO-TXN-1', 1, '2025-10-30 07:45:10'),
(2, 2, 'TIENMAT', 240000.00, 'DEMO-TXN-2', 1, '2025-10-30 07:45:10');

-- --------------------------------------------------------

--
-- Cấu trúc bảng cho bảng `users`
--

CREATE TABLE `users` (
  `id` bigint UNSIGNED NOT NULL,
  `name` varchar(255) CHARACTER SET utf8mb4 COLLATE utf8mb4_0900_ai_ci NOT NULL,
  `email` varchar(255) CHARACTER SET utf8mb4 COLLATE utf8mb4_0900_ai_ci NOT NULL,
  `email_verified_at` timestamp NULL DEFAULT NULL,
  `password` varchar(255) CHARACTER SET utf8mb4 COLLATE utf8mb4_0900_ai_ci NOT NULL,
  `remember_token` varchar(100) CHARACTER SET utf8mb4 COLLATE utf8mb4_0900_ai_ci DEFAULT NULL,
  `created_at` timestamp NULL DEFAULT NULL,
  `updated_at` timestamp NULL DEFAULT NULL
) ENGINE=InnoDB DEFAULT CHARSET=utf8mb4 COLLATE=utf8mb4_0900_ai_ci;

--
-- Đang đổ dữ liệu cho bảng `users`
--

INSERT INTO `users` (`id`, `name`, `email`, `email_verified_at`, `password`, `remember_token`, `created_at`, `updated_at`) VALUES
(1, 'Test User', 'test@example.com', '2025-10-29 16:16:29', '$2y$12$FyMUonucDkHe7n8hux8Y8.H2u.tE56s.uF2jnbaaMUvI2sfizAAnS', '5YfU1IyaZi', '2025-10-29 16:16:29', '2025-10-29 16:16:29');

-- --------------------------------------------------------

--
-- Cấu trúc bảng cho bảng `vai_tro`
--

CREATE TABLE `vai_tro` (
  `id` int NOT NULL,
  `ten` varchar(100) NOT NULL,
  `mo_ta` text
) ENGINE=InnoDB DEFAULT CHARSET=utf8mb4 COLLATE=utf8mb4_0900_ai_ci;

--
-- Đang đổ dữ liệu cho bảng `vai_tro`
--

INSERT INTO `vai_tro` (`id`, `ten`, `mo_ta`) VALUES
(1, 'admin', 'Quản trị'),
(2, 'staff', 'Nhân viên'),
(3, 'user', 'Người dùng');

--
-- Chỉ mục cho các bảng đã đổ
--

--
-- Chỉ mục cho bảng `cache`
--
ALTER TABLE `cache`
  ADD PRIMARY KEY (`key`);

--
-- Chỉ mục cho bảng `cache_locks`
--
ALTER TABLE `cache_locks`
  ADD PRIMARY KEY (`key`);

--
-- Chỉ mục cho bảng `chi_tiet_combo_mon`
--
ALTER TABLE `chi_tiet_combo_mon`
  ADD PRIMARY KEY (`id`),
  ADD KEY `chi_tiet_combo_mon_ibfk_1` (`id_combo`),
  ADD KEY `chi_tiet_combo_mon_ibfk_2` (`id_mon_an`);

--
-- Chỉ mục cho bảng `chi_tiet_dat_ve`
--
ALTER TABLE `chi_tiet_dat_ve`
  ADD PRIMARY KEY (`id`),
  ADD KEY `id_dat_ve` (`id_dat_ve`),
  ADD KEY `id_ghe` (`id_ghe`);

--
-- Chỉ mục cho bảng `chi_tiet_dat_ve_combo`
--
ALTER TABLE `chi_tiet_dat_ve_combo`
  ADD PRIMARY KEY (`id`),
  ADD KEY `id_dat_ve` (`id_dat_ve`),
  ADD KEY `id_combo` (`id_combo`);

--
-- Chỉ mục cho bảng `combo`
--
ALTER TABLE `combo`
  ADD PRIMARY KEY (`id`),
  ADD KEY `combo_ibfk_created_by` (`created_by`),
  ADD KEY `combo_ibfk_updated_by` (`updated_by`);

--
-- Chỉ mục cho bảng `dat_ve`
--
ALTER TABLE `dat_ve`
  ADD PRIMARY KEY (`id`),
  ADD KEY `id_nguoi_dung` (`id_nguoi_dung`),
  ADD KEY `id_suat_chieu` (`id_suat_chieu`),
  ADD KEY `id_khuyen_mai` (`id_khuyen_mai`);

--
-- Chỉ mục cho bảng `diem_thanh_vien`
--
ALTER TABLE `diem_thanh_vien`
  ADD PRIMARY KEY (`id`),
  ADD KEY `id_nguoi_dung` (`id_nguoi_dung`);

--
-- Chỉ mục cho bảng `failed_jobs`
--
ALTER TABLE `failed_jobs`
  ADD PRIMARY KEY (`id`),
  ADD UNIQUE KEY `failed_jobs_uuid_unique` (`uuid`);

--
-- Chỉ mục cho bảng `ghe`
--
ALTER TABLE `ghe`
  ADD PRIMARY KEY (`id`),
  ADD KEY `id_phong` (`id_phong`),
  ADD KEY `id_loai` (`id_loai`);

--
-- Chỉ mục cho bảng `hang_thanh_vien`
--
ALTER TABLE `hang_thanh_vien`
  ADD PRIMARY KEY (`id`),
  ADD KEY `id_nguoi_dung` (`id_nguoi_dung`);

--
-- Chỉ mục cho bảng `jobs`
--
ALTER TABLE `jobs`
  ADD PRIMARY KEY (`id`),
  ADD KEY `jobs_queue_index` (`queue`);

--
-- Chỉ mục cho bảng `job_batches`
--
ALTER TABLE `job_batches`
  ADD PRIMARY KEY (`id`);

--
-- Chỉ mục cho bảng `khuyen_mai`
--
ALTER TABLE `khuyen_mai`
  ADD PRIMARY KEY (`id`),
  ADD UNIQUE KEY `ma_km` (`ma_km`);

--
-- Chỉ mục cho bảng `lich_su_diem`
--
ALTER TABLE `lich_su_diem`
  ADD PRIMARY KEY (`id`),
  ADD KEY `id_nguoi_dung` (`id_nguoi_dung`);

--
-- Chỉ mục cho bảng `loai_ghe`
--
ALTER TABLE `loai_ghe`
  ADD PRIMARY KEY (`id`);

--
-- Chỉ mục cho bảng `migrations`
--
ALTER TABLE `migrations`
  ADD PRIMARY KEY (`id`);

--
-- Chỉ mục cho bảng `mon_an`
--
ALTER TABLE `mon_an`
  ADD PRIMARY KEY (`id`);

--
-- Chỉ mục cho bảng `nguoi_dung`
--
ALTER TABLE `nguoi_dung`
  ADD PRIMARY KEY (`id`),
  ADD UNIQUE KEY `email` (`email`),
  ADD KEY `id_vai_tro` (`id_vai_tro`);

--
-- Chỉ mục cho bảng `password_reset_tokens`
--
ALTER TABLE `password_reset_tokens`
  ADD PRIMARY KEY (`email`);

--
-- Chỉ mục cho bảng `phim`
--
ALTER TABLE `phim`
  ADD PRIMARY KEY (`id`),
  ADD KEY `id_phong` (`id_phong`);

--
-- Chỉ mục cho bảng `phong_chieu`
--
ALTER TABLE `phong_chieu`
  ADD PRIMARY KEY (`id`);

--
-- Chỉ mục cho bảng `sessions`
--
ALTER TABLE `sessions`
  ADD PRIMARY KEY (`id`),
  ADD KEY `sessions_user_id_index` (`user_id`),
  ADD KEY `sessions_last_activity_index` (`last_activity`);

--
-- Chỉ mục cho bảng `suat_chieu`
--
ALTER TABLE `suat_chieu`
  ADD PRIMARY KEY (`id`),
  ADD KEY `id_phim` (`id_phim`),
  ADD KEY `id_phong` (`id_phong`);

--
-- Chỉ mục cho bảng `thanh_toan`
--
ALTER TABLE `thanh_toan`
  ADD PRIMARY KEY (`id`),
  ADD KEY `id_dat_ve` (`id_dat_ve`);

--
-- Chỉ mục cho bảng `users`
--
ALTER TABLE `users`
  ADD PRIMARY KEY (`id`),
  ADD UNIQUE KEY `users_email_unique` (`email`);

--
-- Chỉ mục cho bảng `vai_tro`
--
ALTER TABLE `vai_tro`
  ADD PRIMARY KEY (`id`);

--
-- AUTO_INCREMENT cho các bảng đã đổ
--

--
-- AUTO_INCREMENT cho bảng `chi_tiet_combo_mon`
--
ALTER TABLE `chi_tiet_combo_mon`
  MODIFY `id` int NOT NULL AUTO_INCREMENT, AUTO_INCREMENT=4;

--
-- AUTO_INCREMENT cho bảng `chi_tiet_dat_ve`
--
ALTER TABLE `chi_tiet_dat_ve`
  MODIFY `id` int NOT NULL AUTO_INCREMENT, AUTO_INCREMENT=17;

--
-- AUTO_INCREMENT cho bảng `chi_tiet_dat_ve_combo`
--
ALTER TABLE `chi_tiet_dat_ve_combo`
  MODIFY `id` int NOT NULL AUTO_INCREMENT;

--
-- AUTO_INCREMENT cho bảng `combo`
--
ALTER TABLE `combo`
  MODIFY `id` int NOT NULL AUTO_INCREMENT, AUTO_INCREMENT=2;

--
-- AUTO_INCREMENT cho bảng `dat_ve`
--
ALTER TABLE `dat_ve`
  MODIFY `id` int NOT NULL AUTO_INCREMENT, AUTO_INCREMENT=3;

--
-- AUTO_INCREMENT cho bảng `diem_thanh_vien`
--
ALTER TABLE `diem_thanh_vien`
  MODIFY `id` int NOT NULL AUTO_INCREMENT;

--
-- AUTO_INCREMENT cho bảng `failed_jobs`
--
ALTER TABLE `failed_jobs`
  MODIFY `id` bigint UNSIGNED NOT NULL AUTO_INCREMENT;

--
-- AUTO_INCREMENT cho bảng `ghe`
--
ALTER TABLE `ghe`
  MODIFY `id` int NOT NULL AUTO_INCREMENT, AUTO_INCREMENT=1719;

--
-- AUTO_INCREMENT cho bảng `hang_thanh_vien`
--
ALTER TABLE `hang_thanh_vien`
  MODIFY `id` int NOT NULL AUTO_INCREMENT;

--
-- AUTO_INCREMENT cho bảng `jobs`
--
ALTER TABLE `jobs`
  MODIFY `id` bigint UNSIGNED NOT NULL AUTO_INCREMENT;

--
-- AUTO_INCREMENT cho bảng `khuyen_mai`
--
ALTER TABLE `khuyen_mai`
  MODIFY `id` int NOT NULL AUTO_INCREMENT, AUTO_INCREMENT=3;

--
-- AUTO_INCREMENT cho bảng `lich_su_diem`
--
ALTER TABLE `lich_su_diem`
  MODIFY `id` int NOT NULL AUTO_INCREMENT;

--
-- AUTO_INCREMENT cho bảng `loai_ghe`
--
ALTER TABLE `loai_ghe`
  MODIFY `id` int NOT NULL AUTO_INCREMENT, AUTO_INCREMENT=8;

--
-- AUTO_INCREMENT cho bảng `migrations`
--
ALTER TABLE `migrations`
  MODIFY `id` int UNSIGNED NOT NULL AUTO_INCREMENT, AUTO_INCREMENT=13;

--
-- AUTO_INCREMENT cho bảng `mon_an`
--
ALTER TABLE `mon_an`
  MODIFY `id` int NOT NULL AUTO_INCREMENT, AUTO_INCREMENT=4;

--
-- AUTO_INCREMENT cho bảng `nguoi_dung`
--
ALTER TABLE `nguoi_dung`
  MODIFY `id` int NOT NULL AUTO_INCREMENT, AUTO_INCREMENT=4;

--
-- AUTO_INCREMENT cho bảng `phim`
--
ALTER TABLE `phim`
  MODIFY `id` int NOT NULL AUTO_INCREMENT, AUTO_INCREMENT=68;

--
-- AUTO_INCREMENT cho bảng `phong_chieu`
--
ALTER TABLE `phong_chieu`
  MODIFY `id` int NOT NULL AUTO_INCREMENT, AUTO_INCREMENT=15;

--
-- AUTO_INCREMENT cho bảng `suat_chieu`
--
ALTER TABLE `suat_chieu`
  MODIFY `id` int NOT NULL AUTO_INCREMENT, AUTO_INCREMENT=1267;

--
-- AUTO_INCREMENT cho bảng `thanh_toan`
--
ALTER TABLE `thanh_toan`
  MODIFY `id` int NOT NULL AUTO_INCREMENT, AUTO_INCREMENT=3;

--
-- AUTO_INCREMENT cho bảng `users`
--
ALTER TABLE `users`
  MODIFY `id` bigint UNSIGNED NOT NULL AUTO_INCREMENT, AUTO_INCREMENT=3;

--
-- AUTO_INCREMENT cho bảng `vai_tro`
--
ALTER TABLE `vai_tro`
  MODIFY `id` int NOT NULL AUTO_INCREMENT, AUTO_INCREMENT=4;

--
-- Các ràng buộc cho các bảng đã đổ
--

--
-- Các ràng buộc cho bảng `chi_tiet_combo_mon`
--
ALTER TABLE `chi_tiet_combo_mon`
  ADD CONSTRAINT `chi_tiet_combo_mon_ibfk_1` FOREIGN KEY (`id_combo`) REFERENCES `combo` (`id`) ON DELETE CASCADE,
  ADD CONSTRAINT `chi_tiet_combo_mon_ibfk_2` FOREIGN KEY (`id_mon_an`) REFERENCES `mon_an` (`id`) ON DELETE CASCADE;

--
-- Các ràng buộc cho bảng `chi_tiet_dat_ve`
--
ALTER TABLE `chi_tiet_dat_ve`
  ADD CONSTRAINT `chi_tiet_dat_ve_ibfk_1` FOREIGN KEY (`id_dat_ve`) REFERENCES `dat_ve` (`id`) ON DELETE CASCADE,
  ADD CONSTRAINT `chi_tiet_dat_ve_ibfk_2` FOREIGN KEY (`id_ghe`) REFERENCES `ghe` (`id`) ON DELETE CASCADE;

--
-- Các ràng buộc cho bảng `chi_tiet_dat_ve_combo`
--
ALTER TABLE `chi_tiet_dat_ve_combo`
  ADD CONSTRAINT `chi_tiet_dat_ve_combo_ibfk_1` FOREIGN KEY (`id_dat_ve`) REFERENCES `dat_ve` (`id`) ON DELETE CASCADE,
  ADD CONSTRAINT `chi_tiet_dat_ve_combo_ibfk_2` FOREIGN KEY (`id_combo`) REFERENCES `combo` (`id`) ON DELETE CASCADE;

--
-- Các ràng buộc cho bảng `combo`
--
ALTER TABLE `combo`
  ADD CONSTRAINT `combo_ibfk_created_by` FOREIGN KEY (`created_by`) REFERENCES `nguoi_dung` (`id`) ON DELETE SET NULL,
  ADD CONSTRAINT `combo_ibfk_updated_by` FOREIGN KEY (`updated_by`) REFERENCES `nguoi_dung` (`id`) ON DELETE SET NULL;

--
-- Các ràng buộc cho bảng `dat_ve`
--
ALTER TABLE `dat_ve`
  ADD CONSTRAINT `dat_ve_ibfk_1` FOREIGN KEY (`id_nguoi_dung`) REFERENCES `nguoi_dung` (`id`) ON DELETE CASCADE,
  ADD CONSTRAINT `dat_ve_ibfk_2` FOREIGN KEY (`id_suat_chieu`) REFERENCES `suat_chieu` (`id`) ON DELETE CASCADE,
  ADD CONSTRAINT `dat_ve_ibfk_3` FOREIGN KEY (`id_khuyen_mai`) REFERENCES `khuyen_mai` (`id`) ON DELETE SET NULL;

--
-- Các ràng buộc cho bảng `diem_thanh_vien`
--
ALTER TABLE `diem_thanh_vien`
  ADD CONSTRAINT `diem_thanh_vien_ibfk_1` FOREIGN KEY (`id_nguoi_dung`) REFERENCES `nguoi_dung` (`id`) ON DELETE CASCADE;

--
-- Các ràng buộc cho bảng `ghe`
--
ALTER TABLE `ghe`
  ADD CONSTRAINT `ghe_ibfk_1` FOREIGN KEY (`id_phong`) REFERENCES `phong_chieu` (`id`) ON DELETE CASCADE,
  ADD CONSTRAINT `ghe_ibfk_2` FOREIGN KEY (`id_loai`) REFERENCES `loai_ghe` (`id`) ON DELETE SET NULL;

--
-- Các ràng buộc cho bảng `hang_thanh_vien`
--
ALTER TABLE `hang_thanh_vien`
  ADD CONSTRAINT `hang_thanh_vien_ibfk_1` FOREIGN KEY (`id_nguoi_dung`) REFERENCES `nguoi_dung` (`id`) ON DELETE CASCADE;

--
-- Các ràng buộc cho bảng `lich_su_diem`
--
ALTER TABLE `lich_su_diem`
  ADD CONSTRAINT `lich_su_diem_ibfk_1` FOREIGN KEY (`id_nguoi_dung`) REFERENCES `nguoi_dung` (`id`) ON DELETE CASCADE;

--
-- Các ràng buộc cho bảng `nguoi_dung`
--
ALTER TABLE `nguoi_dung`
  ADD CONSTRAINT `nguoi_dung_ibfk_1` FOREIGN KEY (`id_vai_tro`) REFERENCES `vai_tro` (`id`) ON DELETE SET NULL;

--
-- Các ràng buộc cho bảng `phim`
--
ALTER TABLE `phim`
  ADD CONSTRAINT `phim_ibfk_phong` FOREIGN KEY (`id_phong`) REFERENCES `phong_chieu` (`id`) ON DELETE SET NULL;

--
-- Các ràng buộc cho bảng `suat_chieu`
--
ALTER TABLE `suat_chieu`
  ADD CONSTRAINT `suat_chieu_ibfk_1` FOREIGN KEY (`id_phim`) REFERENCES `phim` (`id`) ON DELETE CASCADE,
  ADD CONSTRAINT `suat_chieu_ibfk_2` FOREIGN KEY (`id_phong`) REFERENCES `phong_chieu` (`id`) ON DELETE CASCADE;

--
-- Các ràng buộc cho bảng `thanh_toan`
--
ALTER TABLE `thanh_toan`
  ADD CONSTRAINT `thanh_toan_ibfk_1` FOREIGN KEY (`id_dat_ve`) REFERENCES `dat_ve` (`id`) ON DELETE CASCADE;
COMMIT;

/*!40101 SET CHARACTER_SET_CLIENT=@OLD_CHARACTER_SET_CLIENT */;
/*!40101 SET CHARACTER_SET_RESULTS=@OLD_CHARACTER_SET_RESULTS */;
/*!40101 SET COLLATION_CONNECTION=@OLD_COLLATION_CONNECTION */;
